dept_id,y,ds,wm_yr_wk,yearweek,holiday
FOODS_2,4094.0,2011-01-29,11101,201101,
FOODS_2,4209.0,2011-01-30,11101,201101,
FOODS_2,3174.0,2011-01-31,11101,201101,
FOODS_2,3606.0,2011-02-01,11101,201101,
FOODS_2,2869.0,2011-02-02,11101,201101,
FOODS_2,4375.0,2011-02-03,11101,201101,
FOODS_2,3349.0,2011-02-04,11101,201101,
FOODS_2,4384.0,2011-02-05,11102,201102,
FOODS_2,4273.0,2011-02-06,11102,201102,
FOODS_2,3684.0,2011-02-07,11102,201102,
FOODS_2,3255.0,2011-02-08,11102,201102,
FOODS_2,3696.0,2011-02-09,11102,201102,
FOODS_2,3592.0,2011-02-10,11102,201102,
FOODS_2,3743.0,2011-02-11,11102,201102,
FOODS_2,4722.0,2011-02-12,11103,201103,
FOODS_2,4889.0,2011-02-13,11103,201103,
FOODS_2,3021.0,2011-02-14,11103,201103,
FOODS_2,3899.0,2011-02-15,11103,201103,
FOODS_2,3219.0,2011-02-16,11103,201103,
FOODS_2,2790.0,2011-02-17,11103,201103,
FOODS_2,3030.0,2011-02-18,11103,201103,
FOODS_2,3821.0,2011-02-19,11104,201104,
FOODS_2,3853.0,2011-02-20,11104,201104,
FOODS_2,3184.0,2011-02-21,11104,201104,
FOODS_2,2598.0,2011-02-22,11104,201104,
FOODS_2,2548.0,2011-02-23,11104,201104,
FOODS_2,2463.0,2011-02-24,11104,201104,
FOODS_2,2648.0,2011-02-25,11104,201104,
FOODS_2,3499.0,2011-02-26,11105,201105,
FOODS_2,3881.0,2011-02-27,11105,201105,
FOODS_2,3028.0,2011-02-28,11105,201105,
FOODS_2,3344.0,2011-03-01,11105,201105,
FOODS_2,3245.0,2011-03-02,11105,201105,
FOODS_2,3472.0,2011-03-03,11105,201105,
FOODS_2,3310.0,2011-03-04,11105,201105,
FOODS_2,4432.0,2011-03-05,11106,201106,
FOODS_2,5162.0,2011-03-06,11106,201106,
FOODS_2,3709.0,2011-03-07,11106,201106,
FOODS_2,3480.0,2011-03-08,11106,201106,
FOODS_2,3460.0,2011-03-09,11106,201106,
FOODS_2,3241.0,2011-03-10,11106,201106,
FOODS_2,3417.0,2011-03-11,11106,201106,
FOODS_2,4059.0,2011-03-12,11107,201107,
FOODS_2,4484.0,2011-03-13,11107,201107,
FOODS_2,3862.0,2011-03-14,11107,201107,
FOODS_2,3570.0,2011-03-15,11107,201107,
FOODS_2,2953.0,2011-03-16,11107,201107,
FOODS_2,2736.0,2011-03-17,11107,201107,
FOODS_2,2980.0,2011-03-18,11107,201107,
FOODS_2,3544.0,2011-03-19,11108,201108,
FOODS_2,3841.0,2011-03-20,11108,201108,
FOODS_2,2972.0,2011-03-21,11108,201108,
FOODS_2,2646.0,2011-03-22,11108,201108,
FOODS_2,2361.0,2011-03-23,11108,201108,
FOODS_2,2104.0,2011-03-24,11108,201108,
FOODS_2,2348.0,2011-03-25,11108,201108,
FOODS_2,3459.0,2011-03-26,11109,201109,
FOODS_2,3683.0,2011-03-27,11109,201109,
FOODS_2,2863.0,2011-03-28,11109,201109,
FOODS_2,2355.0,2011-03-29,11109,201109,
FOODS_2,2290.0,2011-03-30,11109,201109,
FOODS_2,2410.0,2011-03-31,11109,201109,
FOODS_2,3247.0,2011-04-01,11109,201109,
FOODS_2,4027.0,2011-04-02,11110,201110,
FOODS_2,4585.0,2011-04-03,11110,201110,
FOODS_2,3469.0,2011-04-04,11110,201110,
FOODS_2,3333.0,2011-04-05,11110,201110,
FOODS_2,3172.0,2011-04-06,11110,201110,
FOODS_2,3288.0,2011-04-07,11110,201110,
FOODS_2,3369.0,2011-04-08,11110,201110,
FOODS_2,4237.0,2011-04-09,11111,201111,
FOODS_2,4025.0,2011-04-10,11111,201111,
FOODS_2,3730.0,2011-04-11,11111,201111,
FOODS_2,3495.0,2011-04-12,11111,201111,
FOODS_2,2981.0,2011-04-13,11111,201111,
FOODS_2,2958.0,2011-04-14,11111,201111,
FOODS_2,3221.0,2011-04-15,11111,201111,
FOODS_2,3679.0,2011-04-16,11112,201112,
FOODS_2,3894.0,2011-04-17,11112,201112,
FOODS_2,3046.0,2011-04-18,11112,201112,
FOODS_2,2519.0,2011-04-19,11112,201112,
FOODS_2,2608.0,2011-04-20,11112,201112,
FOODS_2,2586.0,2011-04-21,11112,201112,
FOODS_2,2844.0,2011-04-22,11112,201112,
FOODS_2,3374.0,2011-04-23,11113,201113,
FOODS_2,2635.0,2011-04-24,11113,201113,OrthodoxEaster|Easter
FOODS_2,2598.0,2011-04-25,11113,201113,
FOODS_2,2270.0,2011-04-26,11113,201113,
FOODS_2,2289.0,2011-04-27,11113,201113,
FOODS_2,2197.0,2011-04-28,11113,201113,
FOODS_2,2635.0,2011-04-29,11113,201113,
FOODS_2,3244.0,2011-04-30,11114,201114,
FOODS_2,3588.0,2011-05-01,11114,201114,
FOODS_2,3141.0,2011-05-02,11114,201114,
FOODS_2,3599.0,2011-05-03,11114,201114,
FOODS_2,2704.0,2011-05-04,11114,201114,
FOODS_2,2786.0,2011-05-05,11114,201114,
FOODS_2,3727.0,2011-05-06,11114,201114,
FOODS_2,3511.0,2011-05-07,11115,201115,
FOODS_2,2664.0,2011-05-08,11115,201115,
FOODS_2,4243.0,2011-05-09,11115,201115,
FOODS_2,3295.0,2011-05-10,11115,201115,
FOODS_2,3360.0,2011-05-11,11115,201115,
FOODS_2,3260.0,2011-05-12,11115,201115,
FOODS_2,3411.0,2011-05-13,11115,201115,
FOODS_2,3687.0,2011-05-14,11116,201116,
FOODS_2,4659.0,2011-05-15,11116,201116,
FOODS_2,3267.0,2011-05-16,11116,201116,
FOODS_2,2845.0,2011-05-17,11116,201116,
FOODS_2,2622.0,2011-05-18,11116,201116,
FOODS_2,2472.0,2011-05-19,11116,201116,
FOODS_2,2568.0,2011-05-20,11116,201116,
FOODS_2,3353.0,2011-05-21,11117,201117,
FOODS_2,3319.0,2011-05-22,11117,201117,
FOODS_2,2723.0,2011-05-23,11117,201117,
FOODS_2,2502.0,2011-05-24,11117,201117,
FOODS_2,2449.0,2011-05-25,11117,201117,
FOODS_2,2398.0,2011-05-26,11117,201117,
FOODS_2,2418.0,2011-05-27,11117,201117,
FOODS_2,2971.0,2011-05-28,11118,201118,
FOODS_2,2787.0,2011-05-29,11118,201118,
FOODS_2,2711.0,2011-05-30,11118,201118,
FOODS_2,2449.0,2011-05-31,11118,201118,
FOODS_2,3126.0,2011-06-01,11118,201118,
FOODS_2,3296.0,2011-06-02,11118,201118,
FOODS_2,3639.0,2011-06-03,11118,201118,
FOODS_2,3921.0,2011-06-04,11119,201119,
FOODS_2,5000.0,2011-06-05,11119,201119,
FOODS_2,4230.0,2011-06-06,11119,201119,
FOODS_2,3813.0,2011-06-07,11119,201119,
FOODS_2,3591.0,2011-06-08,11119,201119,
FOODS_2,3568.0,2011-06-09,11119,201119,
FOODS_2,3559.0,2011-06-10,11119,201119,
FOODS_2,4187.0,2011-06-11,11120,201120,
FOODS_2,4708.0,2011-06-12,11120,201120,
FOODS_2,4059.0,2011-06-13,11120,201120,
FOODS_2,3546.0,2011-06-14,11120,201120,
FOODS_2,3690.0,2011-06-15,11120,201120,
FOODS_2,2861.0,2011-06-16,11120,201120,
FOODS_2,3072.0,2011-06-17,11120,201120,
FOODS_2,3310.0,2011-06-18,11121,201121,
FOODS_2,3022.0,2011-06-19,11121,201121,
FOODS_2,3250.0,2011-06-20,11121,201121,
FOODS_2,2600.0,2011-06-21,11121,201121,
FOODS_2,2911.0,2011-06-22,11121,201121,
FOODS_2,2843.0,2011-06-23,11121,201121,
FOODS_2,2919.0,2011-06-24,11121,201121,
FOODS_2,2934.0,2011-06-25,11122,201122,
FOODS_2,3376.0,2011-06-26,11122,201122,
FOODS_2,3072.0,2011-06-27,11122,201122,
FOODS_2,2456.0,2011-06-28,11122,201122,
FOODS_2,2286.0,2011-06-29,11122,201122,
FOODS_2,2505.0,2011-06-30,11122,201122,
FOODS_2,3490.0,2011-07-01,11122,201122,
FOODS_2,3582.0,2011-07-02,11123,201123,
FOODS_2,3497.0,2011-07-03,11123,201123,
FOODS_2,2638.0,2011-07-04,11123,201123,
FOODS_2,4029.0,2011-07-05,11123,201123,
FOODS_2,4129.0,2011-07-06,11123,201123,
FOODS_2,3968.0,2011-07-07,11123,201123,
FOODS_2,3707.0,2011-07-08,11123,201123,
FOODS_2,4184.0,2011-07-09,11124,201124,
FOODS_2,4365.0,2011-07-10,11124,201124,
FOODS_2,4204.0,2011-07-11,11124,201124,
FOODS_2,3792.0,2011-07-12,11124,201124,
FOODS_2,3479.0,2011-07-13,11124,201124,
FOODS_2,3202.0,2011-07-14,11124,201124,
FOODS_2,3754.0,2011-07-15,11124,201124,
FOODS_2,3912.0,2011-07-16,11125,201125,
FOODS_2,4203.0,2011-07-17,11125,201125,
FOODS_2,3413.0,2011-07-18,11125,201125,
FOODS_2,2888.0,2011-07-19,11125,201125,
FOODS_2,2670.0,2011-07-20,11125,201125,
FOODS_2,2630.0,2011-07-21,11125,201125,
FOODS_2,3074.0,2011-07-22,11125,201125,
FOODS_2,3197.0,2011-07-23,11126,201126,
FOODS_2,3536.0,2011-07-24,11126,201126,
FOODS_2,3047.0,2011-07-25,11126,201126,
FOODS_2,2570.0,2011-07-26,11126,201126,
FOODS_2,2507.0,2011-07-27,11126,201126,
FOODS_2,2363.0,2011-07-28,11126,201126,
FOODS_2,2630.0,2011-07-29,11126,201126,
FOODS_2,2982.0,2011-07-30,11127,201127,
FOODS_2,3449.0,2011-07-31,11127,201127,
FOODS_2,3839.0,2011-08-01,11127,201127,
FOODS_2,3377.0,2011-08-02,11127,201127,
FOODS_2,3920.0,2011-08-03,11127,201127,
FOODS_2,3295.0,2011-08-04,11127,201127,
FOODS_2,3643.0,2011-08-05,11127,201127,
FOODS_2,4172.0,2011-08-06,11128,201128,
FOODS_2,4652.0,2011-08-07,11128,201128,
FOODS_2,4163.0,2011-08-08,11128,201128,
FOODS_2,4088.0,2011-08-09,11128,201128,
FOODS_2,3710.0,2011-08-10,11128,201128,
FOODS_2,3655.0,2011-08-11,11128,201128,
FOODS_2,3898.0,2011-08-12,11128,201128,
FOODS_2,4269.0,2011-08-13,11129,201129,
FOODS_2,4819.0,2011-08-14,11129,201129,
FOODS_2,4275.0,2011-08-15,11129,201129,
FOODS_2,3363.0,2011-08-16,11129,201129,
FOODS_2,3042.0,2011-08-17,11129,201129,
FOODS_2,2949.0,2011-08-18,11129,201129,
FOODS_2,3133.0,2011-08-19,11129,201129,
FOODS_2,3612.0,2011-08-20,11130,201130,
FOODS_2,4201.0,2011-08-21,11130,201130,
FOODS_2,3434.0,2011-08-22,11130,201130,
FOODS_2,2791.0,2011-08-23,11130,201130,
FOODS_2,2613.0,2011-08-24,11130,201130,
FOODS_2,2446.0,2011-08-25,11130,201130,
FOODS_2,2558.0,2011-08-26,11130,201130,
FOODS_2,3281.0,2011-08-27,11131,201131,
FOODS_2,3498.0,2011-08-28,11131,201131,
FOODS_2,2455.0,2011-08-29,11131,201131,
FOODS_2,2128.0,2011-08-30,11131,201131,
FOODS_2,2308.0,2011-08-31,11131,201131,
FOODS_2,2976.0,2011-09-01,11131,201131,
FOODS_2,3104.0,2011-09-02,11131,201131,
FOODS_2,4216.0,2011-09-03,11132,201132,
FOODS_2,3241.0,2011-09-04,11132,201132,
FOODS_2,3935.0,2011-09-05,11132,201132,
FOODS_2,4277.0,2011-09-06,11132,201132,
FOODS_2,3717.0,2011-09-07,11132,201132,
FOODS_2,3428.0,2011-09-08,11132,201132,
FOODS_2,4009.0,2011-09-09,11132,201132,
FOODS_2,4262.0,2011-09-10,11133,201133,
FOODS_2,4908.0,2011-09-11,11133,201133,
FOODS_2,3967.0,2011-09-12,11133,201133,
FOODS_2,3713.0,2011-09-13,11133,201133,
FOODS_2,3374.0,2011-09-14,11133,201133,
FOODS_2,3758.0,2011-09-15,11133,201133,
FOODS_2,3369.0,2011-09-16,11133,201133,
FOODS_2,4137.0,2011-09-17,11134,201134,
FOODS_2,4400.0,2011-09-18,11134,201134,
FOODS_2,3354.0,2011-09-19,11134,201134,
FOODS_2,2957.0,2011-09-20,11134,201134,
FOODS_2,2642.0,2011-09-21,11134,201134,
FOODS_2,2701.0,2011-09-22,11134,201134,
FOODS_2,2764.0,2011-09-23,11134,201134,
FOODS_2,3668.0,2011-09-24,11135,201135,
FOODS_2,3893.0,2011-09-25,11135,201135,
FOODS_2,2919.0,2011-09-26,11135,201135,
FOODS_2,2530.0,2011-09-27,11135,201135,
FOODS_2,2553.0,2011-09-28,11135,201135,
FOODS_2,2266.0,2011-09-29,11135,201135,
FOODS_2,3159.0,2011-09-30,11135,201135,
FOODS_2,4442.0,2011-10-01,11136,201136,
FOODS_2,4748.0,2011-10-02,11136,201136,
FOODS_2,4472.0,2011-10-03,11136,201136,
FOODS_2,3440.0,2011-10-04,11136,201136,
FOODS_2,3722.0,2011-10-05,11136,201136,
FOODS_2,3937.0,2011-10-06,11136,201136,
FOODS_2,3690.0,2011-10-07,11136,201136,
FOODS_2,4271.0,2011-10-08,11137,201137,
FOODS_2,4924.0,2011-10-09,11137,201137,
FOODS_2,4208.0,2011-10-10,11137,201137,
FOODS_2,3597.0,2011-10-11,11137,201137,
FOODS_2,3809.0,2011-10-12,11137,201137,
FOODS_2,3255.0,2011-10-13,11137,201137,
FOODS_2,3514.0,2011-10-14,11137,201137,
FOODS_2,4586.0,2011-10-15,11138,201138,
FOODS_2,4457.0,2011-10-16,11138,201138,
FOODS_2,3583.0,2011-10-17,11138,201138,
FOODS_2,2978.0,2011-10-18,11138,201138,
FOODS_2,2736.0,2011-10-19,11138,201138,
FOODS_2,2549.0,2011-10-20,11138,201138,
FOODS_2,2463.0,2011-10-21,11138,201138,
FOODS_2,3430.0,2011-10-22,11139,201139,
FOODS_2,3921.0,2011-10-23,11139,201139,
FOODS_2,2970.0,2011-10-24,11139,201139,
FOODS_2,2459.0,2011-10-25,11139,201139,
FOODS_2,2351.0,2011-10-26,11139,201139,
FOODS_2,2243.0,2011-10-27,11139,201139,
FOODS_2,2554.0,2011-10-28,11139,201139,
FOODS_2,3402.0,2011-10-29,11140,201140,
FOODS_2,3287.0,2011-10-30,11140,201140,
FOODS_2,2152.0,2011-10-31,11140,201140,
FOODS_2,3028.0,2011-11-01,11140,201140,
FOODS_2,2880.0,2011-11-02,11140,201140,
FOODS_2,3611.0,2011-11-03,11140,201140,
FOODS_2,3276.0,2011-11-04,11140,201140,
FOODS_2,4345.0,2011-11-05,11141,201141,
FOODS_2,5497.0,2011-11-06,11141,201141,
FOODS_2,4158.0,2011-11-07,11141,201141,
FOODS_2,3816.0,2011-11-08,11141,201141,
FOODS_2,3975.0,2011-11-09,11141,201141,
FOODS_2,3460.0,2011-11-10,11141,201141,
FOODS_2,3987.0,2011-11-11,11141,201141,
FOODS_2,4591.0,2011-11-12,11142,201142,
FOODS_2,4784.0,2011-11-13,11142,201142,
FOODS_2,3844.0,2011-11-14,11142,201142,
FOODS_2,4015.0,2011-11-15,11142,201142,
FOODS_2,3102.0,2011-11-16,11142,201142,
FOODS_2,2901.0,2011-11-17,11142,201142,
FOODS_2,2976.0,2011-11-18,11142,201142,
FOODS_2,3824.0,2011-11-19,11143,201143,
FOODS_2,3974.0,2011-11-20,11143,201143,
FOODS_2,3147.0,2011-11-21,11143,201143,
FOODS_2,3039.0,2011-11-22,11143,201143,
FOODS_2,3277.0,2011-11-23,11143,201143,
FOODS_2,1173.0,2011-11-24,11143,201143,
FOODS_2,1620.0,2011-11-25,11143,201143,
FOODS_2,2521.0,2011-11-26,11144,201144,
FOODS_2,3221.0,2011-11-27,11144,201144,
FOODS_2,2672.0,2011-11-28,11144,201144,
FOODS_2,2462.0,2011-11-29,11144,201144,
FOODS_2,2331.0,2011-11-30,11144,201144,
FOODS_2,3199.0,2011-12-01,11144,201144,
FOODS_2,3509.0,2011-12-02,11144,201144,
FOODS_2,4748.0,2011-12-03,11145,201145,
FOODS_2,4802.0,2011-12-04,11145,201145,
FOODS_2,4352.0,2011-12-05,11145,201145,
FOODS_2,4195.0,2011-12-06,11145,201145,
FOODS_2,3878.0,2011-12-07,11145,201145,
FOODS_2,3576.0,2011-12-08,11145,201145,
FOODS_2,3965.0,2011-12-09,11145,201145,
FOODS_2,4449.0,2011-12-10,11146,201146,
FOODS_2,5360.0,2011-12-11,11146,201146,
FOODS_2,4285.0,2011-12-12,11146,201146,
FOODS_2,3775.0,2011-12-13,11146,201146,
FOODS_2,3334.0,2011-12-14,11146,201146,
FOODS_2,3985.0,2011-12-15,11146,201146,
FOODS_2,3250.0,2011-12-16,11146,201146,
FOODS_2,3791.0,2011-12-17,11147,201147,
FOODS_2,3917.0,2011-12-18,11147,201147,
FOODS_2,3278.0,2011-12-19,11147,201147,
FOODS_2,3118.0,2011-12-20,11147,201147,
FOODS_2,2861.0,2011-12-21,11147,201147,
FOODS_2,2936.0,2011-12-22,11147,201147,
FOODS_2,3137.0,2011-12-23,11147,201147,
FOODS_2,2525.0,2011-12-24,11148,201148,
FOODS_2,0.0,2011-12-25,11148,201148,
FOODS_2,3090.0,2011-12-26,11148,201148,
FOODS_2,2920.0,2011-12-27,11148,201148,
FOODS_2,2821.0,2011-12-28,11148,201148,
FOODS_2,2692.0,2011-12-29,11148,201148,
FOODS_2,3758.0,2011-12-30,11148,201148,
FOODS_2,3390.0,2011-12-31,11149,201149,
FOODS_2,2626.0,2012-01-01,11149,201149,
FOODS_2,4535.0,2012-01-02,11149,201149,
FOODS_2,4299.0,2012-01-03,11149,201149,
FOODS_2,3563.0,2012-01-04,11149,201149,
FOODS_2,4028.0,2012-01-05,11149,201149,
FOODS_2,4130.0,2012-01-06,11149,201149,
FOODS_2,4770.0,2012-01-07,11150,201150,
FOODS_2,5473.0,2012-01-08,11150,201150,
FOODS_2,4470.0,2012-01-09,11150,201150,
FOODS_2,3847.0,2012-01-10,11150,201150,
FOODS_2,4167.0,2012-01-11,11150,201150,
FOODS_2,3760.0,2012-01-12,11150,201150,
FOODS_2,4006.0,2012-01-13,11150,201150,
FOODS_2,4892.0,2012-01-14,11151,201151,
FOODS_2,5142.0,2012-01-15,11151,201151,
FOODS_2,4318.0,2012-01-16,11151,201151,
FOODS_2,3298.0,2012-01-17,11151,201151,
FOODS_2,3556.0,2012-01-18,11151,201151,
FOODS_2,3151.0,2012-01-19,11151,201151,
FOODS_2,3237.0,2012-01-20,11151,201151,
FOODS_2,4730.0,2012-01-21,11152,201152,
FOODS_2,4193.0,2012-01-22,11152,201152,
FOODS_2,3422.0,2012-01-23,11152,201152,
FOODS_2,2955.0,2012-01-24,11152,201152,
FOODS_2,2689.0,2012-01-25,11152,201152,
FOODS_2,2682.0,2012-01-26,11152,201152,
FOODS_2,2847.0,2012-01-27,11152,201152,
FOODS_2,3995.0,2012-01-28,11201,201201,
FOODS_2,4228.0,2012-01-29,11201,201201,
FOODS_2,3169.0,2012-01-30,11201,201201,
FOODS_2,2840.0,2012-01-31,11201,201201,
FOODS_2,3774.0,2012-02-01,11201,201201,
FOODS_2,3764.0,2012-02-02,11201,201201,
FOODS_2,4596.0,2012-02-03,11201,201201,
FOODS_2,5328.0,2012-02-04,11202,201202,
FOODS_2,5619.0,2012-02-05,11202,201202,
FOODS_2,4619.0,2012-02-06,11202,201202,
FOODS_2,4179.0,2012-02-07,11202,201202,
FOODS_2,4075.0,2012-02-08,11202,201202,
FOODS_2,4072.0,2012-02-09,11202,201202,
FOODS_2,3715.0,2012-02-10,11202,201202,
FOODS_2,5169.0,2012-02-11,11203,201203,
FOODS_2,5834.0,2012-02-12,11203,201203,
FOODS_2,4108.0,2012-02-13,11203,201203,
FOODS_2,2764.0,2012-02-14,11203,201203,
FOODS_2,3462.0,2012-02-15,11203,201203,
FOODS_2,3289.0,2012-02-16,11203,201203,
FOODS_2,3288.0,2012-02-17,11203,201203,
FOODS_2,3862.0,2012-02-18,11204,201204,
FOODS_2,4086.0,2012-02-19,11204,201204,
FOODS_2,3564.0,2012-02-20,11204,201204,
FOODS_2,2783.0,2012-02-21,11204,201204,
FOODS_2,2643.0,2012-02-22,11204,201204,
FOODS_2,2462.0,2012-02-23,11204,201204,
FOODS_2,2774.0,2012-02-24,11204,201204,
FOODS_2,3619.0,2012-02-25,11205,201205,
FOODS_2,4147.0,2012-02-26,11205,201205,
FOODS_2,3133.0,2012-02-27,11205,201205,
FOODS_2,2655.0,2012-02-28,11205,201205,
FOODS_2,2628.0,2012-02-29,11205,201205,
FOODS_2,3178.0,2012-03-01,11205,201205,
FOODS_2,3549.0,2012-03-02,11205,201205,
FOODS_2,4285.0,2012-03-03,11206,201206,
FOODS_2,4591.0,2012-03-04,11206,201206,
FOODS_2,4105.0,2012-03-05,11206,201206,
FOODS_2,4010.0,2012-03-06,11206,201206,
FOODS_2,3451.0,2012-03-07,11206,201206,
FOODS_2,3552.0,2012-03-08,11206,201206,
FOODS_2,3842.0,2012-03-09,11206,201206,
FOODS_2,4333.0,2012-03-10,11207,201207,
FOODS_2,4625.0,2012-03-11,11207,201207,
FOODS_2,4083.0,2012-03-12,11207,201207,
FOODS_2,3332.0,2012-03-13,11207,201207,
FOODS_2,3086.0,2012-03-14,11207,201207,
FOODS_2,3329.0,2012-03-15,11207,201207,
FOODS_2,3052.0,2012-03-16,11207,201207,
FOODS_2,3341.0,2012-03-17,11208,201208,
FOODS_2,4131.0,2012-03-18,11208,201208,
FOODS_2,3190.0,2012-03-19,11208,201208,
FOODS_2,2524.0,2012-03-20,11208,201208,
FOODS_2,2663.0,2012-03-21,11208,201208,
FOODS_2,2446.0,2012-03-22,11208,201208,
FOODS_2,2727.0,2012-03-23,11208,201208,
FOODS_2,3098.0,2012-03-24,11209,201209,
FOODS_2,3604.0,2012-03-25,11209,201209,
FOODS_2,2681.0,2012-03-26,11209,201209,
FOODS_2,2372.0,2012-03-27,11209,201209,
FOODS_2,2354.0,2012-03-28,11209,201209,
FOODS_2,2080.0,2012-03-29,11209,201209,
FOODS_2,2632.0,2012-03-30,11209,201209,
FOODS_2,3644.0,2012-03-31,11210,201210,
FOODS_2,4012.0,2012-04-01,11210,201210,
FOODS_2,3553.0,2012-04-02,11210,201210,
FOODS_2,3691.0,2012-04-03,11210,201210,
FOODS_2,3077.0,2012-04-04,11210,201210,
FOODS_2,3331.0,2012-04-05,11210,201210,
FOODS_2,3696.0,2012-04-06,11210,201210,
FOODS_2,3915.0,2012-04-07,11211,201211,
FOODS_2,3104.0,2012-04-08,11211,201211,
FOODS_2,3826.0,2012-04-09,11211,201211,
FOODS_2,3335.0,2012-04-10,11211,201211,
FOODS_2,3423.0,2012-04-11,11211,201211,
FOODS_2,3275.0,2012-04-12,11211,201211,
FOODS_2,3084.0,2012-04-13,11211,201211,
FOODS_2,3552.0,2012-04-14,11212,201212,
FOODS_2,3987.0,2012-04-15,11212,201212,
FOODS_2,2864.0,2012-04-16,11212,201212,
FOODS_2,2662.0,2012-04-17,11212,201212,
FOODS_2,2377.0,2012-04-18,11212,201212,
FOODS_2,2119.0,2012-04-19,11212,201212,
FOODS_2,2216.0,2012-04-20,11212,201212,
FOODS_2,2863.0,2012-04-21,11213,201213,
FOODS_2,3312.0,2012-04-22,11213,201213,
FOODS_2,2581.0,2012-04-23,11213,201213,
FOODS_2,2221.0,2012-04-24,11213,201213,
FOODS_2,2288.0,2012-04-25,11213,201213,
FOODS_2,2121.0,2012-04-26,11213,201213,
FOODS_2,2159.0,2012-04-27,11213,201213,
FOODS_2,2660.0,2012-04-28,11214,201214,
FOODS_2,3217.0,2012-04-29,11214,201214,
FOODS_2,2392.0,2012-04-30,11214,201214,
FOODS_2,2988.0,2012-05-01,11214,201214,
FOODS_2,2723.0,2012-05-02,11214,201214,
FOODS_2,3588.0,2012-05-03,11214,201214,
FOODS_2,3101.0,2012-05-04,11214,201214,
FOODS_2,3832.0,2012-05-05,11215,201215,
FOODS_2,4425.0,2012-05-06,11215,201215,
FOODS_2,3777.0,2012-05-07,11215,201215,
FOODS_2,3410.0,2012-05-08,11215,201215,
FOODS_2,3412.0,2012-05-09,11215,201215,
FOODS_2,2999.0,2012-05-10,11215,201215,
FOODS_2,3050.0,2012-05-11,11215,201215,
FOODS_2,3832.0,2012-05-12,11216,201216,
FOODS_2,3035.0,2012-05-13,11216,201216,
FOODS_2,3370.0,2012-05-14,11216,201216,
FOODS_2,3399.0,2012-05-15,11216,201216,
FOODS_2,2820.0,2012-05-16,11216,201216,
FOODS_2,2666.0,2012-05-17,11216,201216,
FOODS_2,2633.0,2012-05-18,11216,201216,
FOODS_2,3111.0,2012-05-19,11217,201217,
FOODS_2,3532.0,2012-05-20,11217,201217,
FOODS_2,2911.0,2012-05-21,11217,201217,
FOODS_2,2486.0,2012-05-22,11217,201217,
FOODS_2,2158.0,2012-05-23,11217,201217,
FOODS_2,2301.0,2012-05-24,11217,201217,
FOODS_2,2453.0,2012-05-25,11217,201217,
FOODS_2,2857.0,2012-05-26,11218,201218,
FOODS_2,2613.0,2012-05-27,11218,201218,
FOODS_2,2599.0,2012-05-28,11218,201218,
FOODS_2,2254.0,2012-05-29,11218,201218,
FOODS_2,2198.0,2012-05-30,11218,201218,
FOODS_2,2371.0,2012-05-31,11218,201218,
FOODS_2,3320.0,2012-06-01,11218,201218,
FOODS_2,3991.0,2012-06-02,11219,201219,
FOODS_2,4777.0,2012-06-03,11219,201219,
FOODS_2,3752.0,2012-06-04,11219,201219,
FOODS_2,4295.0,2012-06-05,11219,201219,
FOODS_2,4041.0,2012-06-06,11219,201219,
FOODS_2,3657.0,2012-06-07,11219,201219,
FOODS_2,3684.0,2012-06-08,11219,201219,
FOODS_2,4553.0,2012-06-09,11220,201220,
FOODS_2,4210.0,2012-06-10,11220,201220,
FOODS_2,4231.0,2012-06-11,11220,201220,
FOODS_2,3839.0,2012-06-12,11220,201220,
FOODS_2,3462.0,2012-06-13,11220,201220,
FOODS_2,3141.0,2012-06-14,11220,201220,
FOODS_2,3731.0,2012-06-15,11220,201220,
FOODS_2,3483.0,2012-06-16,11221,201221,
FOODS_2,3031.0,2012-06-17,11221,201221,
FOODS_2,3160.0,2012-06-18,11221,201221,
FOODS_2,2880.0,2012-06-19,11221,201221,
FOODS_2,2666.0,2012-06-20,11221,201221,
FOODS_2,2860.0,2012-06-21,11221,201221,
FOODS_2,2755.0,2012-06-22,11221,201221,
FOODS_2,3120.0,2012-06-23,11222,201222,
FOODS_2,3730.0,2012-06-24,11222,201222,
FOODS_2,3119.0,2012-06-25,11222,201222,
FOODS_2,2636.0,2012-06-26,11222,201222,
FOODS_2,2320.0,2012-06-27,11222,201222,
FOODS_2,2388.0,2012-06-28,11222,201222,
FOODS_2,2984.0,2012-06-29,11222,201222,
FOODS_2,3217.0,2012-06-30,11223,201223,
FOODS_2,3910.0,2012-07-01,11223,201223,
FOODS_2,3797.0,2012-07-02,11223,201223,
FOODS_2,3859.0,2012-07-03,11223,201223,
FOODS_2,2392.0,2012-07-04,11223,201223,
FOODS_2,3995.0,2012-07-05,11223,201223,
FOODS_2,4274.0,2012-07-06,11223,201223,
FOODS_2,4479.0,2012-07-07,11224,201224,
FOODS_2,5197.0,2012-07-08,11224,201224,
FOODS_2,5010.0,2012-07-09,11224,201224,
FOODS_2,3882.0,2012-07-10,11224,201224,
FOODS_2,4318.0,2012-07-11,11224,201224,
FOODS_2,4349.0,2012-07-12,11224,201224,
FOODS_2,4054.0,2012-07-13,11224,201224,
FOODS_2,4844.0,2012-07-14,11225,201225,
FOODS_2,5535.0,2012-07-15,11225,201225,
FOODS_2,4071.0,2012-07-16,11225,201225,
FOODS_2,3373.0,2012-07-17,11225,201225,
FOODS_2,3055.0,2012-07-18,11225,201225,
FOODS_2,3020.0,2012-07-19,11225,201225,
FOODS_2,3189.0,2012-07-20,11225,201225,
FOODS_2,3410.0,2012-07-21,11226,201226,
FOODS_2,3754.0,2012-07-22,11226,201226,
FOODS_2,3181.0,2012-07-23,11226,201226,
FOODS_2,3192.0,2012-07-24,11226,201226,
FOODS_2,2757.0,2012-07-25,11226,201226,
FOODS_2,2695.0,2012-07-26,11226,201226,
FOODS_2,2832.0,2012-07-27,11226,201226,
FOODS_2,3130.0,2012-07-28,11227,201227,
FOODS_2,3578.0,2012-07-29,11227,201227,
FOODS_2,2949.0,2012-07-30,11227,201227,
FOODS_2,2931.0,2012-07-31,11227,201227,
FOODS_2,3463.0,2012-08-01,11227,201227,
FOODS_2,3892.0,2012-08-02,11227,201227,
FOODS_2,4438.0,2012-08-03,11227,201227,
FOODS_2,4237.0,2012-08-04,11228,201228,
FOODS_2,5547.0,2012-08-05,11228,201228,
FOODS_2,5129.0,2012-08-06,11228,201228,
FOODS_2,4134.0,2012-08-07,11228,201228,
FOODS_2,4299.0,2012-08-08,11228,201228,
FOODS_2,4256.0,2012-08-09,11228,201228,
FOODS_2,3524.0,2012-08-10,11228,201228,
FOODS_2,4631.0,2012-08-11,11229,201229,
FOODS_2,5434.0,2012-08-12,11229,201229,
FOODS_2,4206.0,2012-08-13,11229,201229,
FOODS_2,3813.0,2012-08-14,11229,201229,
FOODS_2,4648.0,2012-08-15,11229,201229,
FOODS_2,3679.0,2012-08-16,11229,201229,
FOODS_2,3458.0,2012-08-17,11229,201229,
FOODS_2,3911.0,2012-08-18,11230,201230,
FOODS_2,4528.0,2012-08-19,11230,201230,
FOODS_2,3665.0,2012-08-20,11230,201230,
FOODS_2,3187.0,2012-08-21,11230,201230,
FOODS_2,3025.0,2012-08-22,11230,201230,
FOODS_2,2722.0,2012-08-23,11230,201230,
FOODS_2,2910.0,2012-08-24,11230,201230,
FOODS_2,3502.0,2012-08-25,11231,201231,
FOODS_2,4184.0,2012-08-26,11231,201231,
FOODS_2,3105.0,2012-08-27,11231,201231,
FOODS_2,2767.0,2012-08-28,11231,201231,
FOODS_2,2395.0,2012-08-29,11231,201231,
FOODS_2,2536.0,2012-08-30,11231,201231,
FOODS_2,2949.0,2012-08-31,11231,201231,
FOODS_2,4162.0,2012-09-01,11232,201232,
FOODS_2,4538.0,2012-09-02,11232,201232,
FOODS_2,5100.0,2012-09-03,11232,201232,
FOODS_2,3924.0,2012-09-04,11232,201232,
FOODS_2,4160.0,2012-09-05,11232,201232,
FOODS_2,4424.0,2012-09-06,11232,201232,
FOODS_2,4039.0,2012-09-07,11232,201232,
FOODS_2,5035.0,2012-09-08,11233,201233,
FOODS_2,5998.0,2012-09-09,11233,201233,
FOODS_2,4127.0,2012-09-10,11233,201233,
FOODS_2,4278.0,2012-09-11,11233,201233,
FOODS_2,4194.0,2012-09-12,11233,201233,
FOODS_2,3453.0,2012-09-13,11233,201233,
FOODS_2,3989.0,2012-09-14,11233,201233,
FOODS_2,5111.0,2012-09-15,11234,201234,
FOODS_2,4976.0,2012-09-16,11234,201234,
FOODS_2,3780.0,2012-09-17,11234,201234,
FOODS_2,2997.0,2012-09-18,11234,201234,
FOODS_2,2896.0,2012-09-19,11234,201234,
FOODS_2,2679.0,2012-09-20,11234,201234,
FOODS_2,2910.0,2012-09-21,11234,201234,
FOODS_2,3721.0,2012-09-22,11235,201235,
FOODS_2,4175.0,2012-09-23,11235,201235,
FOODS_2,3187.0,2012-09-24,11235,201235,
FOODS_2,2834.0,2012-09-25,11235,201235,
FOODS_2,2752.0,2012-09-26,11235,201235,
FOODS_2,2549.0,2012-09-27,11235,201235,
FOODS_2,2805.0,2012-09-28,11235,201235,
FOODS_2,3832.0,2012-09-29,11236,201236,
FOODS_2,3965.0,2012-09-30,11236,201236,
FOODS_2,3873.0,2012-10-01,11236,201236,
FOODS_2,3996.0,2012-10-02,11236,201236,
FOODS_2,4305.0,2012-10-03,11236,201236,
FOODS_2,3381.0,2012-10-04,11236,201236,
FOODS_2,4017.0,2012-10-05,11236,201236,
FOODS_2,5427.0,2012-10-06,11237,201237,
FOODS_2,4959.0,2012-10-07,11237,201237,
FOODS_2,4437.0,2012-10-08,11237,201237,
FOODS_2,4348.0,2012-10-09,11237,201237,
FOODS_2,3623.0,2012-10-10,11237,201237,
FOODS_2,3755.0,2012-10-11,11237,201237,
FOODS_2,4027.0,2012-10-12,11237,201237,
FOODS_2,4444.0,2012-10-13,11238,201238,
FOODS_2,5391.0,2012-10-14,11238,201238,
FOODS_2,4934.0,2012-10-15,11238,201238,
FOODS_2,3344.0,2012-10-16,11238,201238,
FOODS_2,2820.0,2012-10-17,11238,201238,
FOODS_2,2675.0,2012-10-18,11238,201238,
FOODS_2,2810.0,2012-10-19,11238,201238,
FOODS_2,3471.0,2012-10-20,11239,201239,
FOODS_2,3554.0,2012-10-21,11239,201239,
FOODS_2,2806.0,2012-10-22,11239,201239,
FOODS_2,2616.0,2012-10-23,11239,201239,
FOODS_2,2455.0,2012-10-24,11239,201239,
FOODS_2,2291.0,2012-10-25,11239,201239,
FOODS_2,2930.0,2012-10-26,11239,201239,
FOODS_2,3540.0,2012-10-27,11240,201240,
FOODS_2,3855.0,2012-10-28,11240,201240,
FOODS_2,3045.0,2012-10-29,11240,201240,
FOODS_2,2784.0,2012-10-30,11240,201240,
FOODS_2,2418.0,2012-10-31,11240,201240,
FOODS_2,3561.0,2012-11-01,11240,201240,
FOODS_2,4346.0,2012-11-02,11240,201240,
FOODS_2,5593.0,2012-11-03,11241,201241,
FOODS_2,5646.0,2012-11-04,11241,201241,
FOODS_2,5131.0,2012-11-05,11241,201241,
FOODS_2,4748.0,2012-11-06,11241,201241,
FOODS_2,4408.0,2012-11-07,11241,201241,
FOODS_2,4764.0,2012-11-08,11241,201241,
FOODS_2,5085.0,2012-11-09,11241,201241,
FOODS_2,5409.0,2012-11-10,11242,201242,
FOODS_2,6098.0,2012-11-11,11242,201242,
FOODS_2,5256.0,2012-11-12,11242,201242,
FOODS_2,4092.0,2012-11-13,11242,201242,
FOODS_2,4029.0,2012-11-14,11242,201242,
FOODS_2,4138.0,2012-11-15,11242,201242,
FOODS_2,3727.0,2012-11-16,11242,201242,
FOODS_2,4538.0,2012-11-17,11243,201243,
FOODS_2,4372.0,2012-11-18,11243,201243,
FOODS_2,3242.0,2012-11-19,11243,201243,
FOODS_2,3128.0,2012-11-20,11243,201243,
FOODS_2,3067.0,2012-11-21,11243,201243,
FOODS_2,1226.0,2012-11-22,11243,201243,
FOODS_2,1571.0,2012-11-23,11243,201243,
FOODS_2,2794.0,2012-11-24,11244,201244,
FOODS_2,3984.0,2012-11-25,11244,201244,
FOODS_2,3165.0,2012-11-26,11244,201244,
FOODS_2,3118.0,2012-11-27,11244,201244,
FOODS_2,2664.0,2012-11-28,11244,201244,
FOODS_2,2707.0,2012-11-29,11244,201244,
FOODS_2,3290.0,2012-11-30,11244,201244,
FOODS_2,4814.0,2012-12-01,11245,201245,
FOODS_2,5113.0,2012-12-02,11245,201245,
FOODS_2,4649.0,2012-12-03,11245,201245,
FOODS_2,3983.0,2012-12-04,11245,201245,
FOODS_2,4490.0,2012-12-05,11245,201245,
FOODS_2,4272.0,2012-12-06,11245,201245,
FOODS_2,4104.0,2012-12-07,11245,201245,
FOODS_2,5195.0,2012-12-08,11246,201246,
FOODS_2,6063.0,2012-12-09,11246,201246,
FOODS_2,4569.0,2012-12-10,11246,201246,
FOODS_2,4447.0,2012-12-11,11246,201246,
FOODS_2,4248.0,2012-12-12,11246,201246,
FOODS_2,3652.0,2012-12-13,11246,201246,
FOODS_2,4017.0,2012-12-14,11246,201246,
FOODS_2,4624.0,2012-12-15,11247,201247,
FOODS_2,4436.0,2012-12-16,11247,201247,
FOODS_2,3765.0,2012-12-17,11247,201247,
FOODS_2,3099.0,2012-12-18,11247,201247,
FOODS_2,3361.0,2012-12-19,11247,201247,
FOODS_2,3075.0,2012-12-20,11247,201247,
FOODS_2,2962.0,2012-12-21,11247,201247,
FOODS_2,3545.0,2012-12-22,11248,201248,
FOODS_2,3393.0,2012-12-23,11248,201248,
FOODS_2,2531.0,2012-12-24,11248,201248,
FOODS_2,0.0,2012-12-25,11248,201248,
FOODS_2,2904.0,2012-12-26,11248,201248,
FOODS_2,3021.0,2012-12-27,11248,201248,
FOODS_2,3321.0,2012-12-28,11248,201248,
FOODS_2,3747.0,2012-12-29,11249,201249,
FOODS_2,3482.0,2012-12-30,11249,201249,
FOODS_2,3196.0,2012-12-31,11249,201249,
FOODS_2,2783.0,2013-01-01,11249,201249,
FOODS_2,4457.0,2013-01-02,11249,201249,
FOODS_2,4998.0,2013-01-03,11249,201249,
FOODS_2,4035.0,2013-01-04,11249,201249,
FOODS_2,5299.0,2013-01-05,11250,201250,
FOODS_2,6431.0,2013-01-06,11250,201250,
FOODS_2,5043.0,2013-01-07,11250,201250,
FOODS_2,4484.0,2013-01-08,11250,201250,
FOODS_2,4525.0,2013-01-09,11250,201250,
FOODS_2,4198.0,2013-01-10,11250,201250,
FOODS_2,4866.0,2013-01-11,11250,201250,
FOODS_2,6184.0,2013-01-12,11251,201251,
FOODS_2,5717.0,2013-01-13,11251,201251,
FOODS_2,4867.0,2013-01-14,11251,201251,
FOODS_2,4826.0,2013-01-15,11251,201251,
FOODS_2,4155.0,2013-01-16,11251,201251,
FOODS_2,3988.0,2013-01-17,11251,201251,
FOODS_2,4026.0,2013-01-18,11251,201251,
FOODS_2,5231.0,2013-01-19,11252,201252,
FOODS_2,4571.0,2013-01-20,11252,201252,
FOODS_2,4068.0,2013-01-21,11252,201252,
FOODS_2,3199.0,2013-01-22,11252,201252,
FOODS_2,3198.0,2013-01-23,11252,201252,
FOODS_2,2969.0,2013-01-24,11252,201252,
FOODS_2,3414.0,2013-01-25,11252,201252,
FOODS_2,4427.0,2013-01-26,11301,201301,
FOODS_2,4334.0,2013-01-27,11301,201301,
FOODS_2,3249.0,2013-01-28,11301,201301,
FOODS_2,2942.0,2013-01-29,11301,201301,
FOODS_2,2662.0,2013-01-30,11301,201301,
FOODS_2,2826.0,2013-01-31,11301,201301,
FOODS_2,3999.0,2013-02-01,11301,201301,
FOODS_2,5922.0,2013-02-02,11302,201302,
FOODS_2,4407.0,2013-02-03,11302,201302,
FOODS_2,3339.0,2013-02-04,11302,201302,
FOODS_2,3995.0,2013-02-05,11302,201302,
FOODS_2,4001.0,2013-02-06,11302,201302,
FOODS_2,3594.0,2013-02-07,11302,201302,
FOODS_2,4066.0,2013-02-08,11302,201302,
FOODS_2,5387.0,2013-02-09,11303,201303,
FOODS_2,5479.0,2013-02-10,11303,201303,
FOODS_2,5123.0,2013-02-11,11303,201303,
FOODS_2,5029.0,2013-02-12,11303,201303,
FOODS_2,4318.0,2013-02-13,11303,201303,
FOODS_2,3318.0,2013-02-14,11303,201303,
FOODS_2,4721.0,2013-02-15,11303,201303,
FOODS_2,5108.0,2013-02-16,11304,201304,
FOODS_2,5620.0,2013-02-17,11304,201304,
FOODS_2,4570.0,2013-02-18,11304,201304,
FOODS_2,3736.0,2013-02-19,11304,201304,
FOODS_2,3584.0,2013-02-20,11304,201304,
FOODS_2,3534.0,2013-02-21,11304,201304,
FOODS_2,3461.0,2013-02-22,11304,201304,
FOODS_2,4515.0,2013-02-23,11305,201305,
FOODS_2,5185.0,2013-02-24,11305,201305,
FOODS_2,4253.0,2013-02-25,11305,201305,
FOODS_2,3159.0,2013-02-26,11305,201305,
FOODS_2,3030.0,2013-02-27,11305,201305,
FOODS_2,3105.0,2013-02-28,11305,201305,
FOODS_2,4422.0,2013-03-01,11305,201305,
FOODS_2,5626.0,2013-03-02,11306,201306,
FOODS_2,6068.0,2013-03-03,11306,201306,
FOODS_2,4644.0,2013-03-04,11306,201306,
FOODS_2,4297.0,2013-03-05,11306,201306,
FOODS_2,4464.0,2013-03-06,11306,201306,
FOODS_2,3760.0,2013-03-07,11306,201306,
FOODS_2,4421.0,2013-03-08,11306,201306,
FOODS_2,5158.0,2013-03-09,11307,201307,
FOODS_2,5685.0,2013-03-10,11307,201307,
FOODS_2,5293.0,2013-03-11,11307,201307,
FOODS_2,4783.0,2013-03-12,11307,201307,
FOODS_2,4059.0,2013-03-13,11307,201307,
FOODS_2,4279.0,2013-03-14,11307,201307,
FOODS_2,4648.0,2013-03-15,11307,201307,
FOODS_2,4903.0,2013-03-16,11308,201308,
FOODS_2,5257.0,2013-03-17,11308,201308,
FOODS_2,4045.0,2013-03-18,11308,201308,
FOODS_2,3475.0,2013-03-19,11308,201308,
FOODS_2,3318.0,2013-03-20,11308,201308,
FOODS_2,3180.0,2013-03-21,11308,201308,
FOODS_2,3256.0,2013-03-22,11308,201308,
FOODS_2,3894.0,2013-03-23,11309,201309,
FOODS_2,4707.0,2013-03-24,11309,201309,
FOODS_2,3333.0,2013-03-25,11309,201309,
FOODS_2,2989.0,2013-03-26,11309,201309,
FOODS_2,2830.0,2013-03-27,11309,201309,
FOODS_2,2687.0,2013-03-28,11309,201309,
FOODS_2,3299.0,2013-03-29,11309,201309,
FOODS_2,3894.0,2013-03-30,11310,201310,
FOODS_2,2634.0,2013-03-31,11310,201310,
FOODS_2,3399.0,2013-04-01,11310,201310,
FOODS_2,3726.0,2013-04-02,11310,201310,
FOODS_2,3829.0,2013-04-03,11310,201310,
FOODS_2,3517.0,2013-04-04,11310,201310,
FOODS_2,3950.0,2013-04-05,11310,201310,
FOODS_2,4819.0,2013-04-06,11311,201311,
FOODS_2,5080.0,2013-04-07,11311,201311,
FOODS_2,4399.0,2013-04-08,11311,201311,
FOODS_2,3989.0,2013-04-09,11311,201311,
FOODS_2,3494.0,2013-04-10,11311,201311,
FOODS_2,4103.0,2013-04-11,11311,201311,
FOODS_2,3975.0,2013-04-12,11311,201311,
FOODS_2,4491.0,2013-04-13,11312,201312,
FOODS_2,5010.0,2013-04-14,11312,201312,
FOODS_2,4196.0,2013-04-15,11312,201312,
FOODS_2,3435.0,2013-04-16,11312,201312,
FOODS_2,3104.0,2013-04-17,11312,201312,
FOODS_2,2712.0,2013-04-18,11312,201312,
FOODS_2,3017.0,2013-04-19,11312,201312,
FOODS_2,3501.0,2013-04-20,11313,201313,
FOODS_2,3566.0,2013-04-21,11313,201313,
FOODS_2,2958.0,2013-04-22,11313,201313,
FOODS_2,2592.0,2013-04-23,11313,201313,
FOODS_2,2631.0,2013-04-24,11313,201313,
FOODS_2,2307.0,2013-04-25,11313,201313,
FOODS_2,2446.0,2013-04-26,11313,201313,
FOODS_2,2954.0,2013-04-27,11314,201314,
FOODS_2,3789.0,2013-04-28,11314,201314,
FOODS_2,2618.0,2013-04-29,11314,201314,
FOODS_2,2557.0,2013-04-30,11314,201314,
FOODS_2,2841.0,2013-05-01,11314,201314,
FOODS_2,3629.0,2013-05-02,11314,201314,
FOODS_2,3829.0,2013-05-03,11314,201314,
FOODS_2,4090.0,2013-05-04,11315,201315,
FOODS_2,5464.0,2013-05-05,11315,201315,OrthodoxEaster|Cinco De Mayo
FOODS_2,4706.0,2013-05-06,11315,201315,
FOODS_2,3745.0,2013-05-07,11315,201315,
FOODS_2,3673.0,2013-05-08,11315,201315,
FOODS_2,4233.0,2013-05-09,11315,201315,
FOODS_2,3577.0,2013-05-10,11315,201315,
FOODS_2,4782.0,2013-05-11,11316,201316,
FOODS_2,3892.0,2013-05-12,11316,201316,
FOODS_2,4257.0,2013-05-13,11316,201316,
FOODS_2,3856.0,2013-05-14,11316,201316,
FOODS_2,4116.0,2013-05-15,11316,201316,
FOODS_2,3344.0,2013-05-16,11316,201316,
FOODS_2,3365.0,2013-05-17,11316,201316,
FOODS_2,3624.0,2013-05-18,11317,201317,
FOODS_2,4339.0,2013-05-19,11317,201317,
FOODS_2,3425.0,2013-05-20,11317,201317,
FOODS_2,3002.0,2013-05-21,11317,201317,
FOODS_2,2791.0,2013-05-22,11317,201317,
FOODS_2,2935.0,2013-05-23,11317,201317,
FOODS_2,3073.0,2013-05-24,11317,201317,
FOODS_2,3234.0,2013-05-25,11318,201318,
FOODS_2,3014.0,2013-05-26,11318,201318,
FOODS_2,3469.0,2013-05-27,11318,201318,
FOODS_2,2997.0,2013-05-28,11318,201318,
FOODS_2,2506.0,2013-05-29,11318,201318,
FOODS_2,2486.0,2013-05-30,11318,201318,
FOODS_2,3198.0,2013-05-31,11318,201318,
FOODS_2,3836.0,2013-06-01,11319,201319,
FOODS_2,4911.0,2013-06-02,11319,201319,
FOODS_2,4622.0,2013-06-03,11319,201319,
FOODS_2,3605.0,2013-06-04,11319,201319,
FOODS_2,4042.0,2013-06-05,11319,201319,
FOODS_2,3918.0,2013-06-06,11319,201319,
FOODS_2,3877.0,2013-06-07,11319,201319,
FOODS_2,4514.0,2013-06-08,11320,201320,
FOODS_2,5670.0,2013-06-09,11320,201320,
FOODS_2,4424.0,2013-06-10,11320,201320,
FOODS_2,4237.0,2013-06-11,11320,201320,
FOODS_2,4290.0,2013-06-12,11320,201320,
FOODS_2,3737.0,2013-06-13,11320,201320,
FOODS_2,3998.0,2013-06-14,11320,201320,
FOODS_2,4776.0,2013-06-15,11321,201321,
FOODS_2,3693.0,2013-06-16,11321,201321,
FOODS_2,3878.0,2013-06-17,11321,201321,
FOODS_2,3200.0,2013-06-18,11321,201321,
FOODS_2,3047.0,2013-06-19,11321,201321,
FOODS_2,2985.0,2013-06-20,11321,201321,
FOODS_2,3188.0,2013-06-21,11321,201321,
FOODS_2,3521.0,2013-06-22,11322,201322,
FOODS_2,3975.0,2013-06-23,11322,201322,
FOODS_2,3513.0,2013-06-24,11322,201322,
FOODS_2,3126.0,2013-06-25,11322,201322,
FOODS_2,2782.0,2013-06-26,11322,201322,
FOODS_2,2693.0,2013-06-27,11322,201322,
FOODS_2,3101.0,2013-06-28,11322,201322,
FOODS_2,3322.0,2013-06-29,11323,201323,
FOODS_2,3951.0,2013-06-30,11323,201323,
FOODS_2,3692.0,2013-07-01,11323,201323,
FOODS_2,3689.0,2013-07-02,11323,201323,
FOODS_2,4370.0,2013-07-03,11323,201323,
FOODS_2,2521.0,2013-07-04,11323,201323,
FOODS_2,4136.0,2013-07-05,11323,201323,
FOODS_2,4198.0,2013-07-06,11324,201324,
FOODS_2,5299.0,2013-07-07,11324,201324,
FOODS_2,4743.0,2013-07-08,11324,201324,
FOODS_2,4630.0,2013-07-09,11324,201324,
FOODS_2,3994.0,2013-07-10,11324,201324,
FOODS_2,4129.0,2013-07-11,11324,201324,
FOODS_2,4328.0,2013-07-12,11324,201324,
FOODS_2,4422.0,2013-07-13,11325,201325,
FOODS_2,5299.0,2013-07-14,11325,201325,
FOODS_2,5166.0,2013-07-15,11325,201325,
FOODS_2,3660.0,2013-07-16,11325,201325,
FOODS_2,3234.0,2013-07-17,11325,201325,
FOODS_2,3423.0,2013-07-18,11325,201325,
FOODS_2,3297.0,2013-07-19,11325,201325,
FOODS_2,3816.0,2013-07-20,11326,201326,
FOODS_2,4253.0,2013-07-21,11326,201326,
FOODS_2,3549.0,2013-07-22,11326,201326,
FOODS_2,3089.0,2013-07-23,11326,201326,
FOODS_2,2942.0,2013-07-24,11326,201326,
FOODS_2,2747.0,2013-07-25,11326,201326,
FOODS_2,3064.0,2013-07-26,11326,201326,
FOODS_2,3458.0,2013-07-27,11327,201327,
FOODS_2,3876.0,2013-07-28,11327,201327,
FOODS_2,3108.0,2013-07-29,11327,201327,
FOODS_2,2683.0,2013-07-30,11327,201327,
FOODS_2,2870.0,2013-07-31,11327,201327,
FOODS_2,3621.0,2013-08-01,11327,201327,
FOODS_2,4082.0,2013-08-02,11327,201327,
FOODS_2,4795.0,2013-08-03,11328,201328,
FOODS_2,4567.0,2013-08-04,11328,201328,
FOODS_2,4720.0,2013-08-05,11328,201328,
FOODS_2,4484.0,2013-08-06,11328,201328,
FOODS_2,3968.0,2013-08-07,11328,201328,
FOODS_2,3773.0,2013-08-08,11328,201328,
FOODS_2,4460.0,2013-08-09,11328,201328,
FOODS_2,4300.0,2013-08-10,11329,201329,
FOODS_2,5298.0,2013-08-11,11329,201329,
FOODS_2,4800.0,2013-08-12,11329,201329,
FOODS_2,3876.0,2013-08-13,11329,201329,
FOODS_2,3702.0,2013-08-14,11329,201329,
FOODS_2,4260.0,2013-08-15,11329,201329,
FOODS_2,3420.0,2013-08-16,11329,201329,
FOODS_2,4129.0,2013-08-17,11330,201330,
FOODS_2,3766.0,2013-08-18,11330,201330,
FOODS_2,3255.0,2013-08-19,11330,201330,
FOODS_2,2659.0,2013-08-20,11330,201330,
FOODS_2,2704.0,2013-08-21,11330,201330,
FOODS_2,2456.0,2013-08-22,11330,201330,
FOODS_2,2627.0,2013-08-23,11330,201330,
FOODS_2,3100.0,2013-08-24,11331,201331,
FOODS_2,4078.0,2013-08-25,11331,201331,
FOODS_2,2952.0,2013-08-26,11331,201331,
FOODS_2,2707.0,2013-08-27,11331,201331,
FOODS_2,2598.0,2013-08-28,11331,201331,
FOODS_2,2476.0,2013-08-29,11331,201331,
FOODS_2,3073.0,2013-08-30,11331,201331,
FOODS_2,3475.0,2013-08-31,11332,201332,
FOODS_2,3241.0,2013-09-01,11332,201332,
FOODS_2,4379.0,2013-09-02,11332,201332,
FOODS_2,3929.0,2013-09-03,11332,201332,
FOODS_2,3318.0,2013-09-04,11332,201332,
FOODS_2,3598.0,2013-09-05,11332,201332,
FOODS_2,3717.0,2013-09-06,11332,201332,
FOODS_2,4399.0,2013-09-07,11333,201333,
FOODS_2,5336.0,2013-09-08,11333,201333,
FOODS_2,4636.0,2013-09-09,11333,201333,
FOODS_2,3548.0,2013-09-10,11333,201333,
FOODS_2,3938.0,2013-09-11,11333,201333,
FOODS_2,4020.0,2013-09-12,11333,201333,
FOODS_2,3635.0,2013-09-13,11333,201333,
FOODS_2,4655.0,2013-09-14,11334,201334,
FOODS_2,5948.0,2013-09-15,11334,201334,
FOODS_2,4003.0,2013-09-16,11334,201334,
FOODS_2,3693.0,2013-09-17,11334,201334,
FOODS_2,3113.0,2013-09-18,11334,201334,
FOODS_2,2886.0,2013-09-19,11334,201334,
FOODS_2,3466.0,2013-09-20,11334,201334,
FOODS_2,4138.0,2013-09-21,11335,201335,
FOODS_2,4425.0,2013-09-22,11335,201335,
FOODS_2,3238.0,2013-09-23,11335,201335,
FOODS_2,2897.0,2013-09-24,11335,201335,
FOODS_2,2733.0,2013-09-25,11335,201335,
FOODS_2,2716.0,2013-09-26,11335,201335,
FOODS_2,2776.0,2013-09-27,11335,201335,
FOODS_2,3540.0,2013-09-28,11336,201336,
FOODS_2,3937.0,2013-09-29,11336,201336,
FOODS_2,2825.0,2013-09-30,11336,201336,
FOODS_2,3445.0,2013-10-01,11336,201336,
FOODS_2,3275.0,2013-10-02,11336,201336,
FOODS_2,3703.0,2013-10-03,11336,201336,
FOODS_2,3352.0,2013-10-04,11336,201336,
FOODS_2,4080.0,2013-10-05,11337,201337,
FOODS_2,5182.0,2013-10-06,11337,201337,
FOODS_2,4039.0,2013-10-07,11337,201337,
FOODS_2,3669.0,2013-10-08,11337,201337,
FOODS_2,3991.0,2013-10-09,11337,201337,
FOODS_2,3385.0,2013-10-10,11337,201337,
FOODS_2,3705.0,2013-10-11,11337,201337,
FOODS_2,4476.0,2013-10-12,11338,201338,
FOODS_2,4717.0,2013-10-13,11338,201338,
FOODS_2,4140.0,2013-10-14,11338,201338,
FOODS_2,3747.0,2013-10-15,11338,201338,
FOODS_2,3168.0,2013-10-16,11338,201338,
FOODS_2,2922.0,2013-10-17,11338,201338,
FOODS_2,2934.0,2013-10-18,11338,201338,
FOODS_2,3686.0,2013-10-19,11339,201339,
FOODS_2,3938.0,2013-10-20,11339,201339,
FOODS_2,3234.0,2013-10-21,11339,201339,
FOODS_2,2757.0,2013-10-22,11339,201339,
FOODS_2,2741.0,2013-10-23,11339,201339,
FOODS_2,2519.0,2013-10-24,11339,201339,
FOODS_2,2756.0,2013-10-25,11339,201339,
FOODS_2,3537.0,2013-10-26,11340,201340,
FOODS_2,3891.0,2013-10-27,11340,201340,
FOODS_2,3168.0,2013-10-28,11340,201340,
FOODS_2,2574.0,2013-10-29,11340,201340,
FOODS_2,2556.0,2013-10-30,11340,201340,
FOODS_2,2135.0,2013-10-31,11340,201340,
FOODS_2,3404.0,2013-11-01,11340,201340,
FOODS_2,4352.0,2013-11-02,11341,201341,
FOODS_2,5277.0,2013-11-03,11341,201341,
FOODS_2,3864.0,2013-11-04,11341,201341,
FOODS_2,3978.0,2013-11-05,11341,201341,
FOODS_2,3991.0,2013-11-06,11341,201341,
FOODS_2,3472.0,2013-11-07,11341,201341,
FOODS_2,3814.0,2013-11-08,11341,201341,
FOODS_2,4824.0,2013-11-09,11342,201342,
FOODS_2,5018.0,2013-11-10,11342,201342,
FOODS_2,4340.0,2013-11-11,11342,201342,
FOODS_2,3975.0,2013-11-12,11342,201342,
FOODS_2,3349.0,2013-11-13,11342,201342,
FOODS_2,3288.0,2013-11-14,11342,201342,
FOODS_2,3796.0,2013-11-15,11342,201342,
FOODS_2,4347.0,2013-11-16,11343,201343,
FOODS_2,4622.0,2013-11-17,11343,201343,
FOODS_2,3452.0,2013-11-18,11343,201343,
FOODS_2,2970.0,2013-11-19,11343,201343,
FOODS_2,2810.0,2013-11-20,11343,201343,
FOODS_2,2745.0,2013-11-21,11343,201343,
FOODS_2,2955.0,2013-11-22,11343,201343,
FOODS_2,3764.0,2013-11-23,11344,201344,
FOODS_2,3616.0,2013-11-24,11344,201344,
FOODS_2,2924.0,2013-11-25,11344,201344,
FOODS_2,2975.0,2013-11-26,11344,201344,
FOODS_2,3216.0,2013-11-27,11344,201344,
FOODS_2,1092.0,2013-11-28,11344,201344,
FOODS_2,1683.0,2013-11-29,11344,201344,
FOODS_2,2580.0,2013-11-30,11345,201345,
FOODS_2,4065.0,2013-12-01,11345,201345,
FOODS_2,3669.0,2013-12-02,11345,201345,
FOODS_2,4064.0,2013-12-03,11345,201345,
FOODS_2,3149.0,2013-12-04,11345,201345,
FOODS_2,3692.0,2013-12-05,11345,201345,
FOODS_2,3865.0,2013-12-06,11345,201345,
FOODS_2,4447.0,2013-12-07,11346,201346,
FOODS_2,4610.0,2013-12-08,11346,201346,
FOODS_2,4155.0,2013-12-09,11346,201346,
FOODS_2,3263.0,2013-12-10,11346,201346,
FOODS_2,3533.0,2013-12-11,11346,201346,
FOODS_2,3520.0,2013-12-12,11346,201346,
FOODS_2,3771.0,2013-12-13,11346,201346,
FOODS_2,4323.0,2013-12-14,11347,201347,
FOODS_2,4946.0,2013-12-15,11347,201347,
FOODS_2,3440.0,2013-12-16,11347,201347,
FOODS_2,3085.0,2013-12-17,11347,201347,
FOODS_2,2755.0,2013-12-18,11347,201347,
FOODS_2,2748.0,2013-12-19,11347,201347,
FOODS_2,2793.0,2013-12-20,11347,201347,
FOODS_2,3706.0,2013-12-21,11348,201348,
FOODS_2,3188.0,2013-12-22,11348,201348,
FOODS_2,3137.0,2013-12-23,11348,201348,
FOODS_2,2571.0,2013-12-24,11348,201348,
FOODS_2,0.0,2013-12-25,11348,201348,
FOODS_2,2565.0,2013-12-26,11348,201348,
FOODS_2,2893.0,2013-12-27,11348,201348,
FOODS_2,3166.0,2013-12-28,11349,201349,
FOODS_2,3008.0,2013-12-29,11349,201349,
FOODS_2,2842.0,2013-12-30,11349,201349,
FOODS_2,2831.0,2013-12-31,11349,201349,
FOODS_2,2360.0,2014-01-01,11349,201349,
FOODS_2,3715.0,2014-01-02,11349,201349,
FOODS_2,4614.0,2014-01-03,11349,201349,
FOODS_2,5202.0,2014-01-04,11350,201350,
FOODS_2,5325.0,2014-01-05,11350,201350,
FOODS_2,4178.0,2014-01-06,11350,201350,
FOODS_2,3743.0,2014-01-07,11350,201350,
FOODS_2,4067.0,2014-01-08,11350,201350,
FOODS_2,4316.0,2014-01-09,11350,201350,
FOODS_2,3665.0,2014-01-10,11350,201350,
FOODS_2,5198.0,2014-01-11,11351,201351,
FOODS_2,5540.0,2014-01-12,11351,201351,
FOODS_2,3912.0,2014-01-13,11351,201351,
FOODS_2,3582.0,2014-01-14,11351,201351,
FOODS_2,3893.0,2014-01-15,11351,201351,
FOODS_2,3413.0,2014-01-16,11351,201351,
FOODS_2,3321.0,2014-01-17,11351,201351,
FOODS_2,4388.0,2014-01-18,11352,201352,
FOODS_2,3972.0,2014-01-19,11352,201352,
FOODS_2,3382.0,2014-01-20,11352,201352,
FOODS_2,3105.0,2014-01-21,11352,201352,
FOODS_2,2816.0,2014-01-22,11352,201352,
FOODS_2,2663.0,2014-01-23,11352,201352,
FOODS_2,2862.0,2014-01-24,11352,201352,
FOODS_2,3635.0,2014-01-25,11353,201353,
FOODS_2,3983.0,2014-01-26,11353,201353,
FOODS_2,3225.0,2014-01-27,11353,201353,
FOODS_2,2313.0,2014-01-28,11353,201353,
FOODS_2,2265.0,2014-01-29,11353,201353,
FOODS_2,2393.0,2014-01-30,11353,201353,
FOODS_2,3052.0,2014-01-31,11353,201353,
FOODS_2,4123.0,2014-02-01,11401,201401,
FOODS_2,4284.0,2014-02-02,11401,201401,
FOODS_2,4059.0,2014-02-03,11401,201401,
FOODS_2,3292.0,2014-02-04,11401,201401,
FOODS_2,3516.0,2014-02-05,11401,201401,
FOODS_2,3762.0,2014-02-06,11401,201401,
FOODS_2,3774.0,2014-02-07,11401,201401,
FOODS_2,5172.0,2014-02-08,11402,201402,
FOODS_2,5415.0,2014-02-09,11402,201402,
FOODS_2,3802.0,2014-02-10,11402,201402,
FOODS_2,3961.0,2014-02-11,11402,201402,
FOODS_2,4028.0,2014-02-12,11402,201402,
FOODS_2,3568.0,2014-02-13,11402,201402,
FOODS_2,3140.0,2014-02-14,11402,201402,
FOODS_2,4638.0,2014-02-15,11403,201403,
FOODS_2,4888.0,2014-02-16,11403,201403,
FOODS_2,3749.0,2014-02-17,11403,201403,
FOODS_2,3494.0,2014-02-18,11403,201403,
FOODS_2,3314.0,2014-02-19,11403,201403,
FOODS_2,3019.0,2014-02-20,11403,201403,
FOODS_2,3345.0,2014-02-21,11403,201403,
FOODS_2,4118.0,2014-02-22,11404,201404,
FOODS_2,5221.0,2014-02-23,11404,201404,
FOODS_2,3764.0,2014-02-24,11404,201404,
FOODS_2,3390.0,2014-02-25,11404,201404,
FOODS_2,2945.0,2014-02-26,11404,201404,
FOODS_2,3002.0,2014-02-27,11404,201404,
FOODS_2,3693.0,2014-02-28,11404,201404,
FOODS_2,4998.0,2014-03-01,11405,201405,
FOODS_2,5484.0,2014-03-02,11405,201405,
FOODS_2,4598.0,2014-03-03,11405,201405,
FOODS_2,3597.0,2014-03-04,11405,201405,
FOODS_2,3961.0,2014-03-05,11405,201405,
FOODS_2,3850.0,2014-03-06,11405,201405,
FOODS_2,3718.0,2014-03-07,11405,201405,
FOODS_2,4653.0,2014-03-08,11406,201406,
FOODS_2,5728.0,2014-03-09,11406,201406,
FOODS_2,4498.0,2014-03-10,11406,201406,
FOODS_2,4162.0,2014-03-11,11406,201406,
FOODS_2,4080.0,2014-03-12,11406,201406,
FOODS_2,3504.0,2014-03-13,11406,201406,
FOODS_2,3909.0,2014-03-14,11406,201406,
FOODS_2,4702.0,2014-03-15,11407,201407,
FOODS_2,4949.0,2014-03-16,11407,201407,
FOODS_2,3528.0,2014-03-17,11407,201407,
FOODS_2,3243.0,2014-03-18,11407,201407,
FOODS_2,2981.0,2014-03-19,11407,201407,
FOODS_2,2796.0,2014-03-20,11407,201407,
FOODS_2,2956.0,2014-03-21,11407,201407,
FOODS_2,3534.0,2014-03-22,11408,201408,
FOODS_2,4443.0,2014-03-23,11408,201408,
FOODS_2,3336.0,2014-03-24,11408,201408,
FOODS_2,2903.0,2014-03-25,11408,201408,
FOODS_2,2634.0,2014-03-26,11408,201408,
FOODS_2,2913.0,2014-03-27,11408,201408,
FOODS_2,3034.0,2014-03-28,11408,201408,
FOODS_2,3719.0,2014-03-29,11409,201409,
FOODS_2,4352.0,2014-03-30,11409,201409,
FOODS_2,3246.0,2014-03-31,11409,201409,
FOODS_2,3663.0,2014-04-01,11409,201409,
FOODS_2,4080.0,2014-04-02,11409,201409,
FOODS_2,4286.0,2014-04-03,11409,201409,
FOODS_2,3828.0,2014-04-04,11409,201409,
FOODS_2,5152.0,2014-04-05,11410,201410,
FOODS_2,5772.0,2014-04-06,11410,201410,
FOODS_2,4401.0,2014-04-07,11410,201410,
FOODS_2,4366.0,2014-04-08,11410,201410,
FOODS_2,3797.0,2014-04-09,11410,201410,
FOODS_2,2968.0,2014-04-10,11410,201410,
FOODS_2,3616.0,2014-04-11,11410,201410,
FOODS_2,4312.0,2014-04-12,11411,201411,
FOODS_2,4534.0,2014-04-13,11411,201411,
FOODS_2,3853.0,2014-04-14,11411,201411,
FOODS_2,4070.0,2014-04-15,11411,201411,
FOODS_2,3572.0,2014-04-16,11411,201411,
FOODS_2,3279.0,2014-04-17,11411,201411,
FOODS_2,3653.0,2014-04-18,11411,201411,
FOODS_2,3879.0,2014-04-19,11412,201412,
FOODS_2,3070.0,2014-04-20,11412,201412,Easter|OrthodoxEaster
FOODS_2,3262.0,2014-04-21,11412,201412,
FOODS_2,3092.0,2014-04-22,11412,201412,
FOODS_2,3099.0,2014-04-23,11412,201412,
FOODS_2,2940.0,2014-04-24,11412,201412,
FOODS_2,2960.0,2014-04-25,11412,201412,
FOODS_2,3969.0,2014-04-26,11413,201413,
FOODS_2,4369.0,2014-04-27,11413,201413,
FOODS_2,3156.0,2014-04-28,11413,201413,
FOODS_2,2818.0,2014-04-29,11413,201413,
FOODS_2,2773.0,2014-04-30,11413,201413,
FOODS_2,3121.0,2014-05-01,11413,201413,
FOODS_2,3860.0,2014-05-02,11413,201413,
FOODS_2,4685.0,2014-05-03,11414,201414,
FOODS_2,5103.0,2014-05-04,11414,201414,
FOODS_2,4504.0,2014-05-05,11414,201414,
FOODS_2,4144.0,2014-05-06,11414,201414,
FOODS_2,4084.0,2014-05-07,11414,201414,
FOODS_2,3816.0,2014-05-08,11414,201414,
FOODS_2,4047.0,2014-05-09,11414,201414,
FOODS_2,4452.0,2014-05-10,11415,201415,
FOODS_2,3898.0,2014-05-11,11415,201415,
FOODS_2,4749.0,2014-05-12,11415,201415,
FOODS_2,3895.0,2014-05-13,11415,201415,
FOODS_2,3637.0,2014-05-14,11415,201415,
FOODS_2,4128.0,2014-05-15,11415,201415,
FOODS_2,3634.0,2014-05-16,11415,201415,
FOODS_2,4210.0,2014-05-17,11416,201416,
FOODS_2,4511.0,2014-05-18,11416,201416,
FOODS_2,3460.0,2014-05-19,11416,201416,
FOODS_2,3075.0,2014-05-20,11416,201416,
FOODS_2,2794.0,2014-05-21,11416,201416,
FOODS_2,3086.0,2014-05-22,11416,201416,
FOODS_2,2837.0,2014-05-23,11416,201416,
FOODS_2,3288.0,2014-05-24,11417,201417,
FOODS_2,2993.0,2014-05-25,11417,201417,
FOODS_2,3027.0,2014-05-26,11417,201417,
FOODS_2,2807.0,2014-05-27,11417,201417,
FOODS_2,2868.0,2014-05-28,11417,201417,
FOODS_2,2507.0,2014-05-29,11417,201417,
FOODS_2,3080.0,2014-05-30,11417,201417,
FOODS_2,3586.0,2014-05-31,11418,201418,
FOODS_2,4431.0,2014-06-01,11418,201418,
FOODS_2,4237.0,2014-06-02,11418,201418,
FOODS_2,4365.0,2014-06-03,11418,201418,
FOODS_2,3604.0,2014-06-04,11418,201418,
FOODS_2,3929.0,2014-06-05,11418,201418,
FOODS_2,3869.0,2014-06-06,11418,201418,
FOODS_2,4443.0,2014-06-07,11419,201419,
FOODS_2,5239.0,2014-06-08,11419,201419,
FOODS_2,4865.0,2014-06-09,11419,201419,
FOODS_2,3823.0,2014-06-10,11419,201419,
FOODS_2,4122.0,2014-06-11,11419,201419,
FOODS_2,3855.0,2014-06-12,11419,201419,
FOODS_2,3674.0,2014-06-13,11419,201419,
FOODS_2,4546.0,2014-06-14,11420,201420,
FOODS_2,4451.0,2014-06-15,11420,201420,NBAFinalsEnd|Father's day
FOODS_2,3920.0,2014-06-16,11420,201420,
FOODS_2,3419.0,2014-06-17,11420,201420,
FOODS_2,3174.0,2014-06-18,11420,201420,
FOODS_2,3235.0,2014-06-19,11420,201420,
FOODS_2,3315.0,2014-06-20,11420,201420,
FOODS_2,3742.0,2014-06-21,11421,201421,
FOODS_2,4226.0,2014-06-22,11421,201421,
FOODS_2,3523.0,2014-06-23,11421,201421,
FOODS_2,2971.0,2014-06-24,11421,201421,
FOODS_2,2784.0,2014-06-25,11421,201421,
FOODS_2,2719.0,2014-06-26,11421,201421,
FOODS_2,2787.0,2014-06-27,11421,201421,
FOODS_2,3310.0,2014-06-28,11422,201422,
FOODS_2,3620.0,2014-06-29,11422,201422,
FOODS_2,3254.0,2014-06-30,11422,201422,
FOODS_2,3816.0,2014-07-01,11422,201422,
FOODS_2,3906.0,2014-07-02,11422,201422,
FOODS_2,4175.0,2014-07-03,11422,201422,
FOODS_2,2857.0,2014-07-04,11422,201422,
FOODS_2,3851.0,2014-07-05,11423,201423,
FOODS_2,4908.0,2014-07-06,11423,201423,
FOODS_2,4352.0,2014-07-07,11423,201423,
FOODS_2,3954.0,2014-07-08,11423,201423,
FOODS_2,4439.0,2014-07-09,11423,201423,
FOODS_2,3646.0,2014-07-10,11423,201423,
FOODS_2,3938.0,2014-07-11,11423,201423,
FOODS_2,4905.0,2014-07-12,11424,201424,
FOODS_2,4640.0,2014-07-13,11424,201424,
FOODS_2,4183.0,2014-07-14,11424,201424,
FOODS_2,4232.0,2014-07-15,11424,201424,
FOODS_2,3671.0,2014-07-16,11424,201424,
FOODS_2,3259.0,2014-07-17,11424,201424,
FOODS_2,3244.0,2014-07-18,11424,201424,
FOODS_2,3817.0,2014-07-19,11425,201425,
FOODS_2,4038.0,2014-07-20,11425,201425,
FOODS_2,3228.0,2014-07-21,11425,201425,
FOODS_2,3234.0,2014-07-22,11425,201425,
FOODS_2,2997.0,2014-07-23,11425,201425,
FOODS_2,2843.0,2014-07-24,11425,201425,
FOODS_2,3051.0,2014-07-25,11425,201425,
FOODS_2,3488.0,2014-07-26,11426,201426,
FOODS_2,4123.0,2014-07-27,11426,201426,
FOODS_2,3563.0,2014-07-28,11426,201426,
FOODS_2,3177.0,2014-07-29,11426,201426,
FOODS_2,2938.0,2014-07-30,11426,201426,
FOODS_2,2919.0,2014-07-31,11426,201426,
FOODS_2,4146.0,2014-08-01,11426,201426,
FOODS_2,4946.0,2014-08-02,11427,201427,
FOODS_2,5474.0,2014-08-03,11427,201427,
FOODS_2,4186.0,2014-08-04,11427,201427,
FOODS_2,4350.0,2014-08-05,11427,201427,
FOODS_2,4012.0,2014-08-06,11427,201427,
FOODS_2,3719.0,2014-08-07,11427,201427,
FOODS_2,4078.0,2014-08-08,11427,201427,
FOODS_2,4786.0,2014-08-09,11428,201428,
FOODS_2,4808.0,2014-08-10,11428,201428,
FOODS_2,4509.0,2014-08-11,11428,201428,
FOODS_2,4822.0,2014-08-12,11428,201428,
FOODS_2,4044.0,2014-08-13,11428,201428,
FOODS_2,4090.0,2014-08-14,11428,201428,
FOODS_2,4229.0,2014-08-15,11428,201428,
FOODS_2,4449.0,2014-08-16,11429,201429,
FOODS_2,5217.0,2014-08-17,11429,201429,
FOODS_2,4202.0,2014-08-18,11429,201429,
FOODS_2,3500.0,2014-08-19,11429,201429,
FOODS_2,3482.0,2014-08-20,11429,201429,
FOODS_2,3253.0,2014-08-21,11429,201429,
FOODS_2,3526.0,2014-08-22,11429,201429,
FOODS_2,4081.0,2014-08-23,11430,201430,
FOODS_2,4925.0,2014-08-24,11430,201430,
FOODS_2,3746.0,2014-08-25,11430,201430,
FOODS_2,3303.0,2014-08-26,11430,201430,
FOODS_2,3036.0,2014-08-27,11430,201430,
FOODS_2,3159.0,2014-08-28,11430,201430,
FOODS_2,3600.0,2014-08-29,11430,201430,
FOODS_2,3925.0,2014-08-30,11431,201431,
FOODS_2,3966.0,2014-08-31,11431,201431,
FOODS_2,4664.0,2014-09-01,11431,201431,
FOODS_2,4314.0,2014-09-02,11431,201431,
FOODS_2,4481.0,2014-09-03,11431,201431,
FOODS_2,3342.0,2014-09-04,11431,201431,
FOODS_2,3815.0,2014-09-05,11431,201431,
FOODS_2,4689.0,2014-09-06,11432,201432,
FOODS_2,4955.0,2014-09-07,11432,201432,
FOODS_2,3950.0,2014-09-08,11432,201432,
FOODS_2,4164.0,2014-09-09,11432,201432,
FOODS_2,3679.0,2014-09-10,11432,201432,
FOODS_2,4147.0,2014-09-11,11432,201432,
FOODS_2,4377.0,2014-09-12,11432,201432,
FOODS_2,5006.0,2014-09-13,11433,201433,
FOODS_2,5702.0,2014-09-14,11433,201433,
FOODS_2,4799.0,2014-09-15,11433,201433,
FOODS_2,3437.0,2014-09-16,11433,201433,
FOODS_2,3287.0,2014-09-17,11433,201433,
FOODS_2,3137.0,2014-09-18,11433,201433,
FOODS_2,3580.0,2014-09-19,11433,201433,
FOODS_2,4204.0,2014-09-20,11434,201434,
FOODS_2,4633.0,2014-09-21,11434,201434,
FOODS_2,3460.0,2014-09-22,11434,201434,
FOODS_2,3011.0,2014-09-23,11434,201434,
FOODS_2,2975.0,2014-09-24,11434,201434,
FOODS_2,3137.0,2014-09-25,11434,201434,
FOODS_2,3378.0,2014-09-26,11434,201434,
FOODS_2,3981.0,2014-09-27,11435,201435,
FOODS_2,4590.0,2014-09-28,11435,201435,
FOODS_2,3580.0,2014-09-29,11435,201435,
FOODS_2,3329.0,2014-09-30,11435,201435,
FOODS_2,3669.0,2014-10-01,11435,201435,
FOODS_2,3803.0,2014-10-02,11435,201435,
FOODS_2,4781.0,2014-10-03,11435,201435,
FOODS_2,5052.0,2014-10-04,11436,201436,
FOODS_2,6222.0,2014-10-05,11436,201436,
FOODS_2,4874.0,2014-10-06,11436,201436,
FOODS_2,4206.0,2014-10-07,11436,201436,
FOODS_2,4092.0,2014-10-08,11436,201436,
FOODS_2,4418.0,2014-10-09,11436,201436,
FOODS_2,3968.0,2014-10-10,11436,201436,
FOODS_2,5305.0,2014-10-11,11437,201437,
FOODS_2,6454.0,2014-10-12,11437,201437,
FOODS_2,4339.0,2014-10-13,11437,201437,
FOODS_2,4470.0,2014-10-14,11437,201437,
FOODS_2,4695.0,2014-10-15,11437,201437,
FOODS_2,3597.0,2014-10-16,11437,201437,
FOODS_2,3693.0,2014-10-17,11437,201437,
FOODS_2,4541.0,2014-10-18,11438,201438,
FOODS_2,5127.0,2014-10-19,11438,201438,
FOODS_2,3874.0,2014-10-20,11438,201438,
FOODS_2,3380.0,2014-10-21,11438,201438,
FOODS_2,3115.0,2014-10-22,11438,201438,
FOODS_2,3048.0,2014-10-23,11438,201438,
FOODS_2,3234.0,2014-10-24,11438,201438,
FOODS_2,4148.0,2014-10-25,11439,201439,
FOODS_2,4686.0,2014-10-26,11439,201439,
FOODS_2,3603.0,2014-10-27,11439,201439,
FOODS_2,2989.0,2014-10-28,11439,201439,
FOODS_2,2939.0,2014-10-29,11439,201439,
FOODS_2,3073.0,2014-10-30,11439,201439,
FOODS_2,3149.0,2014-10-31,11439,201439,
FOODS_2,5135.0,2014-11-01,11440,201440,
FOODS_2,6363.0,2014-11-02,11440,201440,
FOODS_2,5841.0,2014-11-03,11440,201440,
FOODS_2,4466.0,2014-11-04,11440,201440,
FOODS_2,4277.0,2014-11-05,11440,201440,
FOODS_2,5015.0,2014-11-06,11440,201440,
FOODS_2,4319.0,2014-11-07,11440,201440,
FOODS_2,5990.0,2014-11-08,11441,201441,
FOODS_2,7004.0,2014-11-09,11441,201441,
FOODS_2,5084.0,2014-11-10,11441,201441,
FOODS_2,4754.0,2014-11-11,11441,201441,
FOODS_2,4404.0,2014-11-12,11441,201441,
FOODS_2,4118.0,2014-11-13,11441,201441,
FOODS_2,4682.0,2014-11-14,11441,201441,
FOODS_2,6085.0,2014-11-15,11442,201442,
FOODS_2,6176.0,2014-11-16,11442,201442,
FOODS_2,4699.0,2014-11-17,11442,201442,
FOODS_2,3636.0,2014-11-18,11442,201442,
FOODS_2,3658.0,2014-11-19,11442,201442,
FOODS_2,3490.0,2014-11-20,11442,201442,
FOODS_2,3729.0,2014-11-21,11442,201442,
FOODS_2,4868.0,2014-11-22,11443,201443,
FOODS_2,4930.0,2014-11-23,11443,201443,
FOODS_2,3906.0,2014-11-24,11443,201443,
FOODS_2,3680.0,2014-11-25,11443,201443,
FOODS_2,3895.0,2014-11-26,11443,201443,
FOODS_2,1374.0,2014-11-27,11443,201443,
FOODS_2,1926.0,2014-11-28,11443,201443,
FOODS_2,3410.0,2014-11-29,11444,201444,
FOODS_2,4222.0,2014-11-30,11444,201444,
FOODS_2,4513.0,2014-12-01,11444,201444,
FOODS_2,4302.0,2014-12-02,11444,201444,
FOODS_2,4841.0,2014-12-03,11444,201444,
FOODS_2,4268.0,2014-12-04,11444,201444,
FOODS_2,4864.0,2014-12-05,11444,201444,
FOODS_2,6063.0,2014-12-06,11445,201445,
FOODS_2,6311.0,2014-12-07,11445,201445,
FOODS_2,5057.0,2014-12-08,11445,201445,
FOODS_2,4719.0,2014-12-09,11445,201445,
FOODS_2,4535.0,2014-12-10,11445,201445,
FOODS_2,4032.0,2014-12-11,11445,201445,
FOODS_2,4723.0,2014-12-12,11445,201445,
FOODS_2,5007.0,2014-12-13,11446,201446,
FOODS_2,6101.0,2014-12-14,11446,201446,
FOODS_2,5064.0,2014-12-15,11446,201446,
FOODS_2,4095.0,2014-12-16,11446,201446,
FOODS_2,3544.0,2014-12-17,11446,201446,
FOODS_2,3503.0,2014-12-18,11446,201446,
FOODS_2,3129.0,2014-12-19,11446,201446,
FOODS_2,4268.0,2014-12-20,11447,201447,
FOODS_2,4252.0,2014-12-21,11447,201447,
FOODS_2,3875.0,2014-12-22,11447,201447,
FOODS_2,3380.0,2014-12-23,11447,201447,
FOODS_2,2870.0,2014-12-24,11447,201447,
FOODS_2,1.0,2014-12-25,11447,201447,
FOODS_2,3253.0,2014-12-26,11447,201447,
FOODS_2,3332.0,2014-12-27,11448,201448,
FOODS_2,3664.0,2014-12-28,11448,201448,
FOODS_2,3684.0,2014-12-29,11448,201448,
FOODS_2,3406.0,2014-12-30,11448,201448,
FOODS_2,3616.0,2014-12-31,11448,201448,
FOODS_2,3068.0,2015-01-01,11448,201448,
FOODS_2,4939.0,2015-01-02,11448,201448,
FOODS_2,5676.0,2015-01-03,11449,201449,
FOODS_2,4972.0,2015-01-04,11449,201449,
FOODS_2,5160.0,2015-01-05,11449,201449,
FOODS_2,4709.0,2015-01-06,11449,201449,
FOODS_2,3804.0,2015-01-07,11449,201449,
FOODS_2,4150.0,2015-01-08,11449,201449,
FOODS_2,4610.0,2015-01-09,11449,201449,
FOODS_2,5251.0,2015-01-10,11450,201450,
FOODS_2,5898.0,2015-01-11,11450,201450,
FOODS_2,4866.0,2015-01-12,11450,201450,
FOODS_2,3664.0,2015-01-13,11450,201450,
FOODS_2,4017.0,2015-01-14,11450,201450,
FOODS_2,4475.0,2015-01-15,11450,201450,
FOODS_2,4079.0,2015-01-16,11450,201450,
FOODS_2,4806.0,2015-01-17,11451,201451,
FOODS_2,4678.0,2015-01-18,11451,201451,
FOODS_2,3799.0,2015-01-19,11451,201451,
FOODS_2,3224.0,2015-01-20,11451,201451,
FOODS_2,2828.0,2015-01-21,11451,201451,
FOODS_2,2703.0,2015-01-22,11451,201451,
FOODS_2,3213.0,2015-01-23,11451,201451,
FOODS_2,4316.0,2015-01-24,11452,201452,
FOODS_2,4835.0,2015-01-25,11452,201452,
FOODS_2,3454.0,2015-01-26,11452,201452,
FOODS_2,3056.0,2015-01-27,11452,201452,
FOODS_2,2862.0,2015-01-28,11452,201452,
FOODS_2,2919.0,2015-01-29,11452,201452,
FOODS_2,3588.0,2015-01-30,11452,201452,
FOODS_2,5431.0,2015-01-31,11501,201501,
FOODS_2,4321.0,2015-02-01,11501,201501,
FOODS_2,4439.0,2015-02-02,11501,201501,
FOODS_2,4921.0,2015-02-03,11501,201501,
FOODS_2,3782.0,2015-02-04,11501,201501,
FOODS_2,4242.0,2015-02-05,11501,201501,
FOODS_2,4316.0,2015-02-06,11501,201501,
FOODS_2,5602.0,2015-02-07,11502,201502,
FOODS_2,6052.0,2015-02-08,11502,201502,
FOODS_2,4828.0,2015-02-09,11502,201502,
FOODS_2,3738.0,2015-02-10,11502,201502,
FOODS_2,3861.0,2015-02-11,11502,201502,
FOODS_2,4309.0,2015-02-12,11502,201502,
FOODS_2,3980.0,2015-02-13,11502,201502,
FOODS_2,4460.0,2015-02-14,11503,201503,
FOODS_2,5640.0,2015-02-15,11503,201503,
FOODS_2,4583.0,2015-02-16,11503,201503,
FOODS_2,3564.0,2015-02-17,11503,201503,
FOODS_2,3068.0,2015-02-18,11503,201503,
FOODS_2,3230.0,2015-02-19,11503,201503,
FOODS_2,3655.0,2015-02-20,11503,201503,
FOODS_2,4442.0,2015-02-21,11504,201504,
FOODS_2,4633.0,2015-02-22,11504,201504,
FOODS_2,3370.0,2015-02-23,11504,201504,
FOODS_2,3227.0,2015-02-24,11504,201504,
FOODS_2,2826.0,2015-02-25,11504,201504,
FOODS_2,3013.0,2015-02-26,11504,201504,
FOODS_2,3484.0,2015-02-27,11504,201504,
FOODS_2,4515.0,2015-02-28,11505,201505,
FOODS_2,5214.0,2015-03-01,11505,201505,
FOODS_2,4480.0,2015-03-02,11505,201505,
FOODS_2,4483.0,2015-03-03,11505,201505,
FOODS_2,4184.0,2015-03-04,11505,201505,
FOODS_2,4548.0,2015-03-05,11505,201505,
FOODS_2,4737.0,2015-03-06,11505,201505,
FOODS_2,5476.0,2015-03-07,11506,201506,
FOODS_2,6382.0,2015-03-08,11506,201506,
FOODS_2,5113.0,2015-03-09,11506,201506,
FOODS_2,4515.0,2015-03-10,11506,201506,
FOODS_2,4519.0,2015-03-11,11506,201506,
FOODS_2,4715.0,2015-03-12,11506,201506,
FOODS_2,4094.0,2015-03-13,11506,201506,
FOODS_2,4962.0,2015-03-14,11507,201507,
FOODS_2,6435.0,2015-03-15,11507,201507,
FOODS_2,4605.0,2015-03-16,11507,201507,
FOODS_2,3783.0,2015-03-17,11507,201507,
FOODS_2,3672.0,2015-03-18,11507,201507,
FOODS_2,3225.0,2015-03-19,11507,201507,
FOODS_2,3599.0,2015-03-20,11507,201507,
FOODS_2,4666.0,2015-03-21,11508,201508,
FOODS_2,5276.0,2015-03-22,11508,201508,
FOODS_2,3979.0,2015-03-23,11508,201508,
FOODS_2,3262.0,2015-03-24,11508,201508,
FOODS_2,3570.0,2015-03-25,11508,201508,
FOODS_2,3296.0,2015-03-26,11508,201508,
FOODS_2,3278.0,2015-03-27,11508,201508,
FOODS_2,4462.0,2015-03-28,11509,201509,
FOODS_2,4779.0,2015-03-29,11509,201509,
FOODS_2,3628.0,2015-03-30,11509,201509,
FOODS_2,3284.0,2015-03-31,11509,201509,
FOODS_2,3835.0,2015-04-01,11509,201509,
FOODS_2,3894.0,2015-04-02,11509,201509,
FOODS_2,5084.0,2015-04-03,11509,201509,
FOODS_2,4988.0,2015-04-04,11510,201510,
FOODS_2,4859.0,2015-04-05,11510,201510,
FOODS_2,5070.0,2015-04-06,11510,201510,
FOODS_2,4795.0,2015-04-07,11510,201510,
FOODS_2,4620.0,2015-04-08,11510,201510,
FOODS_2,4913.0,2015-04-09,11510,201510,
FOODS_2,4503.0,2015-04-10,11510,201510,
FOODS_2,5432.0,2015-04-11,11511,201511,
FOODS_2,5917.0,2015-04-12,11511,201511,
FOODS_2,4612.0,2015-04-13,11511,201511,
FOODS_2,4182.0,2015-04-14,11511,201511,
FOODS_2,4247.0,2015-04-15,11511,201511,
FOODS_2,3406.0,2015-04-16,11511,201511,
FOODS_2,3400.0,2015-04-17,11511,201511,
FOODS_2,4498.0,2015-04-18,11512,201512,
FOODS_2,5255.0,2015-04-19,11512,201512,
FOODS_2,4103.0,2015-04-20,11512,201512,
FOODS_2,3762.0,2015-04-21,11512,201512,
FOODS_2,3653.0,2015-04-22,11512,201512,
FOODS_2,3396.0,2015-04-23,11512,201512,
FOODS_2,3725.0,2015-04-24,11512,201512,
FOODS_2,4967.0,2015-04-25,11513,201513,
FOODS_2,4987.0,2015-04-26,11513,201513,
FOODS_2,4303.0,2015-04-27,11513,201513,
FOODS_2,3608.0,2015-04-28,11513,201513,
FOODS_2,3134.0,2015-04-29,11513,201513,
FOODS_2,3406.0,2015-04-30,11513,201513,
FOODS_2,4380.0,2015-05-01,11513,201513,
FOODS_2,5353.0,2015-05-02,11514,201514,
FOODS_2,6377.0,2015-05-03,11514,201514,
FOODS_2,5108.0,2015-05-04,11514,201514,
FOODS_2,5010.0,2015-05-05,11514,201514,
FOODS_2,5017.0,2015-05-06,11514,201514,
FOODS_2,4201.0,2015-05-07,11514,201514,
FOODS_2,4431.0,2015-05-08,11514,201514,
FOODS_2,5953.0,2015-05-09,11515,201515,
FOODS_2,4664.0,2015-05-10,11515,201515,
FOODS_2,5117.0,2015-05-11,11515,201515,
FOODS_2,5018.0,2015-05-12,11515,201515,
FOODS_2,4189.0,2015-05-13,11515,201515,
FOODS_2,4253.0,2015-05-14,11515,201515,
FOODS_2,4482.0,2015-05-15,11515,201515,
FOODS_2,5064.0,2015-05-16,11516,201516,
FOODS_2,5390.0,2015-05-17,11516,201516,
FOODS_2,4399.0,2015-05-18,11516,201516,
FOODS_2,3818.0,2015-05-19,11516,201516,
FOODS_2,3528.0,2015-05-20,11516,201516,
FOODS_2,3308.0,2015-05-21,11516,201516,
FOODS_2,3751.0,2015-05-22,11516,201516,
FOODS_2,3767.0,2015-05-23,11517,201517,
FOODS_2,3751.0,2015-05-24,11517,201517,
FOODS_2,3854.0,2015-05-25,11517,201517,
FOODS_2,3700.0,2015-05-26,11517,201517,
FOODS_2,3275.0,2015-05-27,11517,201517,
FOODS_2,3236.0,2015-05-28,11517,201517,
FOODS_2,3491.0,2015-05-29,11517,201517,
FOODS_2,4449.0,2015-05-30,11518,201518,
FOODS_2,5033.0,2015-05-31,11518,201518,
FOODS_2,4779.0,2015-06-01,11518,201518,
FOODS_2,4754.0,2015-06-02,11518,201518,
FOODS_2,4920.0,2015-06-03,11518,201518,
FOODS_2,4183.0,2015-06-04,11518,201518,
FOODS_2,4804.0,2015-06-05,11518,201518,
FOODS_2,6003.0,2015-06-06,11519,201519,
FOODS_2,6250.0,2015-06-07,11519,201519,
FOODS_2,5351.0,2015-06-08,11519,201519,
FOODS_2,5094.0,2015-06-09,11519,201519,
FOODS_2,4476.0,2015-06-10,11519,201519,
FOODS_2,4640.0,2015-06-11,11519,201519,
FOODS_2,5005.0,2015-06-12,11519,201519,
FOODS_2,5284.0,2015-06-13,11520,201520,
FOODS_2,5860.0,2015-06-14,11520,201520,
FOODS_2,6180.0,2015-06-15,11520,201520,
FOODS_2,3841.0,2015-06-16,11520,201520,
FOODS_2,3742.0,2015-06-17,11520,201520,
FOODS_2,3911.0,2015-06-18,11520,201520,
FOODS_2,3782.0,2015-06-19,11520,201520,
FOODS_2,4367.0,2015-06-20,11521,201521,
FOODS_2,4519.0,2015-06-21,11521,201521,
FOODS_2,3991.0,2015-06-22,11521,201521,
FOODS_2,3625.0,2015-06-23,11521,201521,
FOODS_2,3393.0,2015-06-24,11521,201521,
FOODS_2,3395.0,2015-06-25,11521,201521,
FOODS_2,3596.0,2015-06-26,11521,201521,
FOODS_2,4071.0,2015-06-27,11522,201522,
FOODS_2,4656.0,2015-06-28,11522,201522,
FOODS_2,3694.0,2015-06-29,11522,201522,
FOODS_2,3297.0,2015-06-30,11522,201522,
FOODS_2,4010.0,2015-07-01,11522,201522,
FOODS_2,4519.0,2015-07-02,11522,201522,
FOODS_2,5619.0,2015-07-03,11522,201522,
FOODS_2,3168.0,2015-07-04,11523,201523,
FOODS_2,5679.0,2015-07-05,11523,201523,
FOODS_2,6088.0,2015-07-06,11523,201523,
FOODS_2,5123.0,2015-07-07,11523,201523,
FOODS_2,4705.0,2015-07-08,11523,201523,
FOODS_2,4932.0,2015-07-09,11523,201523,
FOODS_2,4354.0,2015-07-10,11523,201523,
FOODS_2,5429.0,2015-07-11,11524,201524,
FOODS_2,6123.0,2015-07-12,11524,201524,
FOODS_2,4805.0,2015-07-13,11524,201524,
FOODS_2,4683.0,2015-07-14,11524,201524,
FOODS_2,4829.0,2015-07-15,11524,201524,
FOODS_2,4293.0,2015-07-16,11524,201524,
FOODS_2,4043.0,2015-07-17,11524,201524,
FOODS_2,4521.0,2015-07-18,11525,201525,
FOODS_2,5091.0,2015-07-19,11525,201525,
FOODS_2,4217.0,2015-07-20,11525,201525,
FOODS_2,3770.0,2015-07-21,11525,201525,
FOODS_2,3512.0,2015-07-22,11525,201525,
FOODS_2,3494.0,2015-07-23,11525,201525,
FOODS_2,3466.0,2015-07-24,11525,201525,
FOODS_2,4211.0,2015-07-25,11526,201526,
FOODS_2,4758.0,2015-07-26,11526,201526,
FOODS_2,3898.0,2015-07-27,11526,201526,
FOODS_2,3349.0,2015-07-28,11526,201526,
FOODS_2,3119.0,2015-07-29,11526,201526,
FOODS_2,3315.0,2015-07-30,11526,201526,
FOODS_2,3767.0,2015-07-31,11526,201526,
FOODS_2,4837.0,2015-08-01,11527,201527,
FOODS_2,6071.0,2015-08-02,11527,201527,
FOODS_2,6253.0,2015-08-03,11527,201527,
FOODS_2,4558.0,2015-08-04,11527,201527,
FOODS_2,4893.0,2015-08-05,11527,201527,
FOODS_2,4956.0,2015-08-06,11527,201527,
FOODS_2,4502.0,2015-08-07,11527,201527,
FOODS_2,5645.0,2015-08-08,11528,201528,
FOODS_2,6559.0,2015-08-09,11528,201528,
FOODS_2,5160.0,2015-08-10,11528,201528,
FOODS_2,5012.0,2015-08-11,11528,201528,
FOODS_2,4872.0,2015-08-12,11528,201528,
FOODS_2,4563.0,2015-08-13,11528,201528,
FOODS_2,4533.0,2015-08-14,11528,201528,
FOODS_2,5685.0,2015-08-15,11529,201529,
FOODS_2,5925.0,2015-08-16,11529,201529,
FOODS_2,4635.0,2015-08-17,11529,201529,
FOODS_2,4281.0,2015-08-18,11529,201529,
FOODS_2,3905.0,2015-08-19,11529,201529,
FOODS_2,3718.0,2015-08-20,11529,201529,
FOODS_2,3767.0,2015-08-21,11529,201529,
FOODS_2,4512.0,2015-08-22,11530,201530,
FOODS_2,5448.0,2015-08-23,11530,201530,
FOODS_2,4247.0,2015-08-24,11530,201530,
FOODS_2,3538.0,2015-08-25,11530,201530,
FOODS_2,3595.0,2015-08-26,11530,201530,
FOODS_2,3452.0,2015-08-27,11530,201530,
FOODS_2,3819.0,2015-08-28,11530,201530,
FOODS_2,4786.0,2015-08-29,11531,201531,
FOODS_2,5509.0,2015-08-30,11531,201531,
FOODS_2,4202.0,2015-08-31,11531,201531,
FOODS_2,4508.0,2015-09-01,11531,201531,
FOODS_2,4640.0,2015-09-02,11531,201531,
FOODS_2,5085.0,2015-09-03,11531,201531,
FOODS_2,4538.0,2015-09-04,11531,201531,
FOODS_2,5977.0,2015-09-05,11532,201532,
FOODS_2,5587.0,2015-09-06,11532,201532,
FOODS_2,5816.0,2015-09-07,11532,201532,
FOODS_2,5233.0,2015-09-08,11532,201532,
FOODS_2,5677.0,2015-09-09,11532,201532,
FOODS_2,4669.0,2015-09-10,11532,201532,
FOODS_2,5084.0,2015-09-11,11532,201532,
FOODS_2,6490.0,2015-09-12,11533,201533,
FOODS_2,6733.0,2015-09-13,11533,201533,
FOODS_2,5637.0,2015-09-14,11533,201533,
FOODS_2,5405.0,2015-09-15,11533,201533,
FOODS_2,4393.0,2015-09-16,11533,201533,
FOODS_2,4407.0,2015-09-17,11533,201533,
FOODS_2,4472.0,2015-09-18,11533,201533,
FOODS_2,5717.0,2015-09-19,11534,201534,
FOODS_2,6212.0,2015-09-20,11534,201534,
FOODS_2,4679.0,2015-09-21,11534,201534,
FOODS_2,4305.0,2015-09-22,11534,201534,
FOODS_2,4088.0,2015-09-23,11534,201534,
FOODS_2,3953.0,2015-09-24,11534,201534,
FOODS_2,4360.0,2015-09-25,11534,201534,
FOODS_2,5571.0,2015-09-26,11535,201535,
FOODS_2,5991.0,2015-09-27,11535,201535,
FOODS_2,4698.0,2015-09-28,11535,201535,
FOODS_2,4041.0,2015-09-29,11535,201535,
FOODS_2,4037.0,2015-09-30,11535,201535,
FOODS_2,4737.0,2015-10-01,11535,201535,
FOODS_2,5691.0,2015-10-02,11535,201535,
FOODS_2,7384.0,2015-10-03,11536,201536,
FOODS_2,7139.0,2015-10-04,11536,201536,
FOODS_2,6988.0,2015-10-05,11536,201536,
FOODS_2,6434.0,2015-10-06,11536,201536,
FOODS_2,4986.0,2015-10-07,11536,201536,
FOODS_2,5503.0,2015-10-08,11536,201536,
FOODS_2,6070.0,2015-10-09,11536,201536,
FOODS_2,6359.0,2015-10-10,11537,201537,
FOODS_2,7336.0,2015-10-11,11537,201537,
FOODS_2,6912.0,2015-10-12,11537,201537,
FOODS_2,5252.0,2015-10-13,11537,201537,
FOODS_2,5261.0,2015-10-14,11537,201537,
FOODS_2,5478.0,2015-10-15,11537,201537,
FOODS_2,4929.0,2015-10-16,11537,201537,
FOODS_2,6232.0,2015-10-17,11538,201538,
FOODS_2,6764.0,2015-10-18,11538,201538,
FOODS_2,5031.0,2015-10-19,11538,201538,
FOODS_2,4506.0,2015-10-20,11538,201538,
FOODS_2,4216.0,2015-10-21,11538,201538,
FOODS_2,4127.0,2015-10-22,11538,201538,
FOODS_2,4626.0,2015-10-23,11538,201538,
FOODS_2,5732.0,2015-10-24,11539,201539,
FOODS_2,6185.0,2015-10-25,11539,201539,
FOODS_2,5140.0,2015-10-26,11539,201539,
FOODS_2,4342.0,2015-10-27,11539,201539,
FOODS_2,3813.0,2015-10-28,11539,201539,
FOODS_2,3767.0,2015-10-29,11539,201539,
FOODS_2,4466.0,2015-10-30,11539,201539,
FOODS_2,4760.0,2015-10-31,11540,201540,
FOODS_2,6403.0,2015-11-01,11540,201540,
FOODS_2,5765.0,2015-11-02,11540,201540,
FOODS_2,5962.0,2015-11-03,11540,201540,
FOODS_2,4685.0,2015-11-04,11540,201540,
FOODS_2,5074.0,2015-11-05,11540,201540,
FOODS_2,5792.0,2015-11-06,11540,201540,
FOODS_2,6599.0,2015-11-07,11541,201541,
FOODS_2,7448.0,2015-11-08,11541,201541,
FOODS_2,6306.0,2015-11-09,11541,201541,
FOODS_2,5017.0,2015-11-10,11541,201541,
FOODS_2,4935.0,2015-11-11,11541,201541,
FOODS_2,5355.0,2015-11-12,11541,201541,
FOODS_2,4860.0,2015-11-13,11541,201541,
FOODS_2,6591.0,2015-11-14,11542,201542,
FOODS_2,7788.0,2015-11-15,11542,201542,
FOODS_2,5695.0,2015-11-16,11542,201542,
FOODS_2,4051.0,2015-11-17,11542,201542,
FOODS_2,4580.0,2015-11-18,11542,201542,
FOODS_2,4132.0,2015-11-19,11542,201542,
FOODS_2,5291.0,2015-11-20,11542,201542,
FOODS_2,5547.0,2015-11-21,11543,201543,
FOODS_2,5651.0,2015-11-22,11543,201543,
FOODS_2,4837.0,2015-11-23,11543,201543,
FOODS_2,4372.0,2015-11-24,11543,201543,
FOODS_2,4450.0,2015-11-25,11543,201543,
FOODS_2,1669.0,2015-11-26,11543,201543,
FOODS_2,2521.0,2015-11-27,11543,201543,
FOODS_2,4202.0,2015-11-28,11544,201544,
FOODS_2,5435.0,2015-11-29,11544,201544,
FOODS_2,4613.0,2015-11-30,11544,201544,
FOODS_2,4659.0,2015-12-01,11544,201544,
FOODS_2,5054.0,2015-12-02,11544,201544,
FOODS_2,5762.0,2015-12-03,11544,201544,
FOODS_2,5141.0,2015-12-04,11544,201544,
FOODS_2,6776.0,2015-12-05,11545,201545,
FOODS_2,7664.0,2015-12-06,11545,201545,
FOODS_2,5854.0,2015-12-07,11545,201545,
FOODS_2,5110.0,2015-12-08,11545,201545,
FOODS_2,5312.0,2015-12-09,11545,201545,
FOODS_2,4576.0,2015-12-10,11545,201545,
FOODS_2,5202.0,2015-12-11,11545,201545,
FOODS_2,6534.0,2015-12-12,11546,201546,
FOODS_2,6750.0,2015-12-13,11546,201546,
FOODS_2,5893.0,2015-12-14,11546,201546,
FOODS_2,5435.0,2015-12-15,11546,201546,
FOODS_2,4361.0,2015-12-16,11546,201546,
FOODS_2,4234.0,2015-12-17,11546,201546,
FOODS_2,4105.0,2015-12-18,11546,201546,
FOODS_2,5206.0,2015-12-19,11547,201547,
FOODS_2,5809.0,2015-12-20,11547,201547,
FOODS_2,4668.0,2015-12-21,11547,201547,
FOODS_2,4563.0,2015-12-22,11547,201547,
FOODS_2,4367.0,2015-12-23,11547,201547,
FOODS_2,4052.0,2015-12-24,11547,201547,
FOODS_2,0.0,2015-12-25,11547,201547,
FOODS_2,4304.0,2015-12-26,11548,201548,
FOODS_2,4817.0,2015-12-27,11548,201548,
FOODS_2,4267.0,2015-12-28,11548,201548,
FOODS_2,4289.0,2015-12-29,11548,201548,
FOODS_2,4678.0,2015-12-30,11548,201548,
FOODS_2,5566.0,2015-12-31,11548,201548,
FOODS_2,4566.0,2016-01-01,11548,201548,
FOODS_2,6457.0,2016-01-02,11549,201549,
FOODS_2,7263.0,2016-01-03,11549,201549,
FOODS_2,5819.0,2016-01-04,11549,201549,
FOODS_2,6198.0,2016-01-05,11549,201549,
FOODS_2,5863.0,2016-01-06,11549,201549,
FOODS_2,5510.0,2016-01-07,11549,201549,
FOODS_2,5918.0,2016-01-08,11549,201549,
FOODS_2,7968.0,2016-01-09,11550,201550,
FOODS_2,7292.0,2016-01-10,11550,201550,
FOODS_2,6284.0,2016-01-11,11550,201550,
FOODS_2,5798.0,2016-01-12,11550,201550,
FOODS_2,5039.0,2016-01-13,11550,201550,
FOODS_2,5709.0,2016-01-14,11550,201550,
FOODS_2,6115.0,2016-01-15,11550,201550,
FOODS_2,7084.0,2016-01-16,11551,201551,
FOODS_2,6332.0,2016-01-17,11551,201551,
FOODS_2,5549.0,2016-01-18,11551,201551,
FOODS_2,4479.0,2016-01-19,11551,201551,
FOODS_2,4505.0,2016-01-20,11551,201551,
FOODS_2,4176.0,2016-01-21,11551,201551,
FOODS_2,4765.0,2016-01-22,11551,201551,
FOODS_2,6148.0,2016-01-23,11552,201552,
FOODS_2,6412.0,2016-01-24,11552,201552,
FOODS_2,4721.0,2016-01-25,11552,201552,
FOODS_2,4127.0,2016-01-26,11552,201552,
FOODS_2,4026.0,2016-01-27,11552,201552,
FOODS_2,4197.0,2016-01-28,11552,201552,
FOODS_2,4743.0,2016-01-29,11552,201552,
FOODS_2,6210.0,2016-01-30,11601,201601,
FOODS_2,6724.0,2016-01-31,11601,201601,
FOODS_2,6104.0,2016-02-01,11601,201601,
FOODS_2,5163.0,2016-02-02,11601,201601,
FOODS_2,6035.0,2016-02-03,11601,201601,
FOODS_2,4788.0,2016-02-04,11601,201601,
FOODS_2,5517.0,2016-02-05,11601,201601,
FOODS_2,8000.0,2016-02-06,11602,201602,
FOODS_2,6286.0,2016-02-07,11602,201602,
FOODS_2,5740.0,2016-02-08,11602,201602,
FOODS_2,5942.0,2016-02-09,11602,201602,
FOODS_2,5193.0,2016-02-10,11602,201602,
FOODS_2,5748.0,2016-02-11,11602,201602,
FOODS_2,6110.0,2016-02-12,11602,201602,
FOODS_2,6932.0,2016-02-13,11603,201603,
FOODS_2,6880.0,2016-02-14,11603,201603,
FOODS_2,7053.0,2016-02-15,11603,201603,
FOODS_2,5625.0,2016-02-16,11603,201603,
FOODS_2,5241.0,2016-02-17,11603,201603,
FOODS_2,4499.0,2016-02-18,11603,201603,
FOODS_2,4803.0,2016-02-19,11603,201603,
FOODS_2,6203.0,2016-02-20,11604,201604,
FOODS_2,6776.0,2016-02-21,11604,201604,
FOODS_2,4863.0,2016-02-22,11604,201604,
FOODS_2,4329.0,2016-02-23,11604,201604,
FOODS_2,4183.0,2016-02-24,11604,201604,
FOODS_2,3896.0,2016-02-25,11604,201604,
FOODS_2,4050.0,2016-02-26,11604,201604,
FOODS_2,5493.0,2016-02-27,11605,201605,
FOODS_2,6485.0,2016-02-28,11605,201605,
FOODS_2,4840.0,2016-02-29,11605,201605,
FOODS_2,4609.0,2016-03-01,11605,201605,
FOODS_2,5439.0,2016-03-02,11605,201605,
FOODS_2,6041.0,2016-03-03,11605,201605,
FOODS_2,5151.0,2016-03-04,11605,201605,
FOODS_2,7906.0,2016-03-05,11606,201606,
FOODS_2,8711.0,2016-03-06,11606,201606,
FOODS_2,6123.0,2016-03-07,11606,201606,
FOODS_2,6009.0,2016-03-08,11606,201606,
FOODS_2,5791.0,2016-03-09,11606,201606,
FOODS_2,5304.0,2016-03-10,11606,201606,
FOODS_2,5621.0,2016-03-11,11606,201606,
FOODS_2,7304.0,2016-03-12,11607,201607,
FOODS_2,7565.0,2016-03-13,11607,201607,
FOODS_2,6574.0,2016-03-14,11607,201607,
FOODS_2,5987.0,2016-03-15,11607,201607,
FOODS_2,5054.0,2016-03-16,11607,201607,
FOODS_2,4475.0,2016-03-17,11607,201607,
FOODS_2,5084.0,2016-03-18,11607,201607,
FOODS_2,5702.0,2016-03-19,11608,201608,
FOODS_2,6150.0,2016-03-20,11608,201608,
FOODS_2,5012.0,2016-03-21,11608,201608,
FOODS_2,4513.0,2016-03-22,11608,201608,
FOODS_2,4447.0,2016-03-23,11608,201608,
FOODS_2,4292.0,2016-03-24,11608,201608,
FOODS_2,5379.0,2016-03-25,11608,201608,
FOODS_2,5878.0,2016-03-26,11609,201609,
FOODS_2,4966.0,2016-03-27,11609,201609,
FOODS_2,4698.0,2016-03-28,11609,201609,
FOODS_2,4430.0,2016-03-29,11609,201609,
FOODS_2,3832.0,2016-03-30,11609,201609,
FOODS_2,4195.0,2016-03-31,11609,201609,
FOODS_2,5784.0,2016-04-01,11609,201609,
FOODS_2,7208.0,2016-04-02,11610,201610,
FOODS_2,8224.0,2016-04-03,11610,201610,
FOODS_2,6172.0,2016-04-04,11610,201610,
FOODS_2,6514.0,2016-04-05,11610,201610,
FOODS_2,6243.0,2016-04-06,11610,201610,
FOODS_2,5495.0,2016-04-07,11610,201610,
FOODS_2,6042.0,2016-04-08,11610,201610,
FOODS_2,8549.0,2016-04-09,11611,201611,
FOODS_2,8081.0,2016-04-10,11611,201611,
FOODS_2,6845.0,2016-04-11,11611,201611,
FOODS_2,6462.0,2016-04-12,11611,201611,
FOODS_2,5124.0,2016-04-13,11611,201611,
FOODS_2,5518.0,2016-04-14,11611,201611,
FOODS_2,5661.0,2016-04-15,11611,201611,
FOODS_2,5792.0,2016-04-16,11612,201612,
FOODS_2,6588.0,2016-04-17,11612,201612,
FOODS_2,5247.0,2016-04-18,11612,201612,
FOODS_2,4942.0,2016-04-19,11612,201612,
FOODS_2,4734.0,2016-04-20,11612,201612,
FOODS_2,4446.0,2016-04-21,11612,201612,
FOODS_2,4974.0,2016-04-22,11612,201612,
FOODS_2,5524.0,2016-04-23,11613,201613,
FOODS_2,6473.0,2016-04-24,11613,201613,
FOODS_2,4957.0,2016-04-25,11613,201613,
FOODS_2,4662.0,2016-04-26,11613,201613,
FOODS_2,4111.0,2016-04-27,11613,201613,
FOODS_2,4089.0,2016-04-28,11613,201613,
FOODS_2,4973.0,2016-04-29,11613,201613,
FOODS_2,5781.0,2016-04-30,11614,201614,
FOODS_2,7129.0,2016-05-01,11614,201614,
FOODS_2,6384.0,2016-05-02,11614,201614,
FOODS_2,6296.0,2016-05-03,11614,201614,
FOODS_2,5410.0,2016-05-04,11614,201614,
FOODS_2,5906.0,2016-05-05,11614,201614,
FOODS_2,5897.0,2016-05-06,11614,201614,
FOODS_2,6997.0,2016-05-07,11615,201615,
FOODS_2,6188.0,2016-05-08,11615,201615,
FOODS_2,7531.0,2016-05-09,11615,201615,
FOODS_2,5873.0,2016-05-10,11615,201615,
FOODS_2,6537.0,2016-05-11,11615,201615,
FOODS_2,5982.0,2016-05-12,11615,201615,
FOODS_2,5842.0,2016-05-13,11615,201615,
FOODS_2,7563.0,2016-05-14,11616,201616,
FOODS_2,9069.0,2016-05-15,11616,201616,
FOODS_2,6226.0,2016-05-16,11616,201616,
FOODS_2,5311.0,2016-05-17,11616,201616,
FOODS_2,4648.0,2016-05-18,11616,201616,
FOODS_2,4551.0,2016-05-19,11616,201616,
FOODS_2,4815.0,2016-05-20,11616,201616,
FOODS_2,5940.0,2016-05-21,11617,201617,
FOODS_2,6535.0,2016-05-22,11617,201617,
FOODS_2,,2016-05-23,11617,201617,
FOODS_2,,2016-05-24,11617,201617,
FOODS_2,,2016-05-25,11617,201617,
FOODS_2,,2016-05-26,11617,201617,
FOODS_2,,2016-05-27,11617,201617,
FOODS_2,,2016-05-28,11618,201618,
FOODS_2,,2016-05-29,11618,201618,
FOODS_2,,2016-05-30,11618,201618,
FOODS_2,,2016-05-31,11618,201618,
FOODS_2,,2016-06-01,11618,201618,
FOODS_2,,2016-06-02,11618,201618,
FOODS_2,,2016-06-03,11618,201618,
FOODS_2,,2016-06-04,11619,201619,
FOODS_2,,2016-06-05,11619,201619,
FOODS_2,,2016-06-06,11619,201619,
FOODS_2,,2016-06-07,11619,201619,
FOODS_2,,2016-06-08,11619,201619,
FOODS_2,,2016-06-09,11619,201619,
FOODS_2,,2016-06-10,11619,201619,
FOODS_2,,2016-06-11,11620,201620,
FOODS_2,,2016-06-12,11620,201620,
FOODS_2,,2016-06-13,11620,201620,
FOODS_2,,2016-06-14,11620,201620,
FOODS_2,,2016-06-15,11620,201620,
FOODS_2,,2016-06-16,11620,201620,
FOODS_2,,2016-06-17,11620,201620,
FOODS_2,,2016-06-18,11621,201621,
FOODS_2,,2016-06-19,11621,201621,NBAFinalsEnd|Father's day
